1,es,1,1,azbio_spanish/AzBio_Spanish_List1_Sentence-1.wav, HA TENIDO DOLOR DE CABEZA
1,es,1,10,azbio_spanish/AzBio_Spanish_List1_Sentence-10.wav, VENDE SUS DISEÑOS EN DIFERENTES AMLACENES DE LA CIUDAD
1,es,1,11,azbio_spanish/AzBio_Spanish_List1_Sentence-11.wav, HA DEMOSTRADO SER BUEN HIJO
1,es,1,12,azbio_spanish/AzBio_Spanish_List1_Sentence-12.wav, TENEMOS OPCIÓN DE ELEGIR EL MEJOR
1,es,1,13,azbio_spanish/AzBio_Spanish_List1_Sentence-13.wav, QUIÉN IBA CONDUCIENDO
1,es,1,14,azbio_spanish/AzBio_Spanish_List1_Sentence-14.wav, LLEGARON DE SORPRESA MIS MEJORES AMIGOS
1,es,1,15,azbio_spanish/AzBio_Spanish_List1_Sentence-15.wav, SIEMPRE TENÍA QUE SALIRSE CON LA SUYA
1,es,1,16,azbio_spanish/AzBio_Spanish_List1_Sentence-16.wav, EL PERRON TENÍA LAS PATAS CONGELADAS
1,es,1,17,azbio_spanish/AzBio_Spanish_List1_Sentence-17.wav, EL DIVORCIO DEBE SER LA ULTIMA ALTERNATIVA DE UN MATRIMONIO
1,es,1,18,azbio_spanish/AzBio_Spanish_List1_Sentence-18.wav, MAÑANA TE DOY EL DINERO QUE ESTA PENDIENTE
1,es,1,19,azbio_spanish/AzBio_Spanish_List1_Sentence-19.wav, POR QUÉ MURIÓ EL PERRO
1,es,1,2,azbio_spanish/AzBio_Spanish_List1_Sentence-2.wav, BUSCO UNA BUENA EXCUSA PARA CAMBIAR DE SALÓN
1,es,1,20,azbio_spanish/AzBio_Spanish_List1_Sentence-20.wav, ESTOY OYENDO LAS NOTICIAS Y SON MUY TRISTES
1,es,1,3,azbio_spanish/AzBio_Spanish_List1_Sentence-3.wav, OBTUVE UN RESULTADO INESPERADO EN EL EXAMEN DE CIENCIAS
1,es,1,4,azbio_spanish/AzBio_Spanish_List1_Sentence-4.wav, NUNCA PENSÉ QUE TERMINAR FUERA TAN SATISFACTORIO
1,es,1,5,azbio_spanish/AzBio_Spanish_List1_Sentence-5.wav, TIENE UNA FUERTE REACCIÓN ALÉRGICA AL MANÍ
1,es,1,6,azbio_spanish/AzBio_Spanish_List1_Sentence-6.wav, LA ESPOSA DE MI HERMANO LLEGO MUY CANSADA DE TRABAJAR
1,es,1,7,azbio_spanish/AzBio_Spanish_List1_Sentence-7.wav, QUIERO IR ESTA NOCHE A TOMAR ALGO
1,es,1,8,azbio_spanish/AzBio_Spanish_List1_Sentence-8.wav, PREPARÓ POR PRIMERA VEZ ARROZ CON CAMARONES
1,es,1,9,azbio_spanish/AzBio_Spanish_List1_Sentence-9.wav, SE PRESENTABA TODOS LOS DOMINGOS POR LA TARDE
1,es,10,1,azbio_spanish/AzBio_Spanish_List10_Sentence-1.wav, SE TIENEN GRANDES PREGUNTAS DEL TRABAJO
1,es,10,10,azbio_spanish/AzBio_Spanish_List10_Sentence-10.wav, EL RUIDO HIZO ENOJAR BASTANTE A MI VECINO
1,es,10,11,azbio_spanish/AzBio_Spanish_List10_Sentence-11.wav, ESE SEÑOR USA UN BIGOTE FALSO
1,es,10,12,azbio_spanish/AzBio_Spanish_List10_Sentence-12.wav, LOS PROFESORES DE AQUEL COLEGIO DEJABAN MUCHO QUE DESEAR
1,es,10,13,azbio_spanish/AzBio_Spanish_List10_Sentence-13.wav, POR FAVOR ME AVISA CUANDO ESTE DISPONIBLE
1,es,10,14,azbio_spanish/AzBio_Spanish_List10_Sentence-14.wav, CUÉNTAME ALGO INTERESANTE QUE HAYA PASADO HOY
1,es,10,15,azbio_spanish/AzBio_Spanish_List10_Sentence-15.wav, LE GUSTAN MUCHO LAS SALSAS CON TODAS SUS COMIDAS
1,es,10,16,azbio_spanish/AzBio_Spanish_List10_Sentence-16.wav, ESPERABA QUE SU HIJO HEREDARA SU TALENTO
1,es,10,17,azbio_spanish/AzBio_Spanish_List10_Sentence-17.wav, ESTE TRABAJO ME PRODUCE MUCHA FRUSTRACIÓN
1,es,10,18,azbio_spanish/AzBio_Spanish_List10_Sentence-18.wav, POR SER EL MAYOR ES SU SOBRINO PREFERIDO
1,es,10,19,azbio_spanish/AzBio_Spanish_List10_Sentence-19.wav, NECESITO UN MASAJE CON URGENCIA
1,es,10,2,azbio_spanish/AzBio_Spanish_List10_Sentence-2.wav, NO PIERDAS DE VISTA ESTOS PAPELES
1,es,10,20,azbio_spanish/AzBio_Spanish_List10_Sentence-20.wav, ES MUY TARDE Y AUN NO EH DESAYUNADO
1,es,10,3,azbio_spanish/AzBio_Spanish_List10_Sentence-3.wav, LA PRINCESA ESTABA PEINADA Y ARREGLADA PARA ASISTIR A LA CENA
1,es,10,4,azbio_spanish/AzBio_Spanish_List10_Sentence-4.wav, LLAMABA LA ATENCIÓN POR EL COLOR
1,es,10,5,azbio_spanish/AzBio_Spanish_List10_Sentence-5.wav, NO CONSERVARON LOS REPORTES FINALES
1,es,10,6,azbio_spanish/AzBio_Spanish_List10_Sentence-6.wav, ME PREGUNTO CUÁNTO GANA UN AGENTE DE VIAJES
1,es,10,7,azbio_spanish/AzBio_Spanish_List10_Sentence-7.wav, LLEGARÉ LO MÁS TEMPRANO QUE PUEDA
1,es,10,8,azbio_spanish/AzBio_Spanish_List10_Sentence-8.wav, EL MEDICAMENTO TUVO UN EFECTO MUY RÁPIDO
1,es,10,9,azbio_spanish/AzBio_Spanish_List10_Sentence-9.wav, CRUCE LA CALLE CON CUIDADO
1,es,11,1,azbio_spanish/AzBio_Spanish_List11_Sentence-1.wav, RECUERDAS EL AMULETO PARA LA BUENA SUERTE
1,es,11,10,azbio_spanish/AzBio_Spanish_List11_Sentence-10.wav, REMODELO EL BAÑO Y LA COCINA DE SU CASA
1,es,11,11,azbio_spanish/AzBio_Spanish_List11_Sentence-11.wav, EL GATO ESTA MUY CÓMODO EN SU CASA
1,es,11,12,azbio_spanish/AzBio_Spanish_List11_Sentence-12.wav, LA CLASE TERMINÓ MUY TARDE Y NO PUDIERON SALIR A BAILAR
1,es,11,13,azbio_spanish/AzBio_Spanish_List11_Sentence-13.wav,SU HOSPITALIDAD ES INIGUALABLE
1,es,11,14,azbio_spanish/AzBio_Spanish_List11_Sentence-14.wav, ME LLAMARON DEL BANCO PARA RETIRAR EL CHEQUE
1,es,11,15,azbio_spanish/AzBio_Spanish_List11_Sentence-15.wav, SONREÍA DE OREJA A OREJA
1,es,11,16,azbio_spanish/AzBio_Spanish_List11_Sentence-16.wav, POR LA REPARACIÓN NOS COBRARON MUCHO DINERO
1,es,11,17,azbio_spanish/AzBio_Spanish_List11_Sentence-17.wav, SUS ZAPATOS SON MUY SUAVES Y CÓMODOS
1,es,11,18,azbio_spanish/AzBio_Spanish_List11_Sentence-18.wav, LA INTELIGENCIA ERA SU PRINCIPAL CUALIDAD
1,es,11,19,azbio_spanish/AzBio_Spanish_List11_Sentence-19.wav,DEBES VIVIR FELIZ CON LA LINDA FAMILIA QUE TIENES
1,es,11,2,azbio_spanish/AzBio_Spanish_List11_Sentence-2.wav, NO CREO QUE ESTÉN BIEN COCIDOS ESOS HUEVOS
1,es,11,20,azbio_spanish/AzBio_Spanish_List11_Sentence-20.wav, FINALMENTE DECIDIÓ QUE NO SE DEJARÍA MALTRATAR MÁS
1,es,11,3,azbio_spanish/AzBio_Spanish_List11_Sentence-3.wav, LOS SENTIMIENTOS DE LAS PERSONAS SON LO QUE REALMENTE CUENTAN
1,es,11,4,azbio_spanish/AzBio_Spanish_List11_Sentence-4.wav, ESPERO QUE HAYAS REFLEXIONADO LO SUFICIENTE
1,es,11,5,azbio_spanish/AzBio_Spanish_List11_Sentence-5.wav, DECÍA SER EJEMPLAR PERO NO CONTROLABA SU TEMPERAMENTO
1,es,11,6,azbio_spanish/AzBio_Spanish_List11_Sentence-6.wav, LOS NIÑOS NO PUEDEN JUGAR EN LA PISCINA
1,es,11,7,azbio_spanish/AzBio_Spanish_List11_Sentence-7.wav, DESPUÉS DE ESE PROBLEMA NO REGRESO
1,es,11,8,azbio_spanish/AzBio_Spanish_List11_Sentence-8.wav, RECIBIÓ MUCHOS ABRAZOS DE TODOS LOS NIÑOS
1,es,11,9,azbio_spanish/AzBio_Spanish_List11_Sentence-9.wav, LOS REALITIES TIENEN UNA GRAN ACOGIDA
1,es,12,1,azbio_spanish/AzBio_Spanish_List12_Sentence-1.wav, ME PUEDES DAR LA DIRECCIÓN DE TU CASA
1,es,12,10,azbio_spanish/AzBio_Spanish_List12_Sentence-10.wav, A SU PAPÁ LO ASCENDIERON EN EL TRABAJO
1,es,12,11,azbio_spanish/AzBio_Spanish_List12_Sentence-11.wav, ESTABA PENSANDO EN TI Y EN LO QUE DIJISTE
1,es,12,12,azbio_spanish/AzBio_Spanish_List12_Sentence-12.wav, ME PARECE QUE HAY ALGO DIFERENTE EN TI
1,es,12,13,azbio_spanish/AzBio_Spanish_List12_Sentence-13.wav, SE ACCIDENTO AL BAJAR LAS ESCALERAS
1,es,12,14,azbio_spanish/AzBio_Spanish_List12_Sentence-14.wav, ME ENCANTA PASAR TIEMPO CON MIS SOBRINAS
1,es,12,15,azbio_spanish/AzBio_Spanish_List12_Sentence-15.wav, LA JOVEN TIENE MIEDO DE IR AL MÉDICO
1,es,12,16,azbio_spanish/AzBio_Spanish_List12_Sentence-16.wav, ES HORA DE TOMARME EL MEDICAMENTO
1,es,12,17,azbio_spanish/AzBio_Spanish_List12_Sentence-17.wav, EXACTAMENTE DE QUÉ HACEN LAS SALCHICHAS
1,es,12,18,azbio_spanish/AzBio_Spanish_List12_Sentence-18.wav, NECESITAMOS DESCONGELAR LA NEVERA
1,es,12,19,azbio_spanish/AzBio_Spanish_List12_Sentence-19.wav, HACE AÑOS QUE ELLA ABANDONÓ ESOS HÁBITOS
1,es,12,2,azbio_spanish/AzBio_Spanish_List12_Sentence-2.wav, PARA TODOS LOS ASISTENTES LO MEJOR FUE LA COMIDA
1,es,12,20,azbio_spanish/AzBio_Spanish_List12_Sentence-20.wav, A LA CALCULADORA LE FALTABA EL NÚMERO OCHO
1,es,12,3,azbio_spanish/AzBio_Spanish_List12_Sentence-3.wav, ELLA NO PODÍA DORMIR MÁS DE CINCO HORAS POR LAS PREOCUPACIONES
1,es,12,4,azbio_spanish/AzBio_Spanish_List12_Sentence-4.wav, HAY VARIOS TIPOS DE TRAJES DE CEREMONIA PARA ESCOGER
1,es,12,5,azbio_spanish/AzBio_Spanish_List12_Sentence-5.wav, MIS PAPÁS VINIERON DE VISITA ESTE FIN DE SEMANA
1,es,12,6,azbio_spanish/AzBio_Spanish_List12_Sentence-6.wav, PASARÉ POR LA PELUQUERÍA
1,es,12,7,azbio_spanish/AzBio_Spanish_List12_Sentence-7.wav, LA SEÑORA HA TENIDO CERRADAS LAS VENTANAS TODO EL DÍA
1,es,12,8,azbio_spanish/AzBio_Spanish_List12_Sentence-8.wav, COMO ACTUAR EN CASO DE ACCIDENTE
1,es,12,9,azbio_spanish/AzBio_Spanish_List12_Sentence-9.wav, ESTA PREPARADA PARA INICIAR EL JUEGO
1,es,13,1,azbio_spanish/AzBio_Spanish_List13_Sentence-1.wav, EL BEBE DIJO SUS PRIMERAS PALABRAS
1,es,13,10,azbio_spanish/AzBio_Spanish_List13_Sentence-10.wav, EN EL HOTEL NO SIRVIERON LA COMIDA CALIENTE
1,es,13,11,azbio_spanish/AzBio_Spanish_List13_Sentence-11.wav, TODO PASO MUY RÁPIDO Y NO PODÍA RECORDARLO
1,es,13,12,azbio_spanish/AzBio_Spanish_List13_Sentence-12.wav, ESTA TRABAJANDO MUY DURO POR SU FAMILIA
1,es,13,13,azbio_spanish/AzBio_Spanish_List13_Sentence-13.wav, EL SÁNDWICH TIENE QUESO TOCINETA HUEVO Y JAMÓN
1,es,13,14,azbio_spanish/AzBio_Spanish_List13_Sentence-14.wav, DAME IDEAS PARA LA NUEVA DECORACIÓN
1,es,13,15,azbio_spanish/AzBio_Spanish_List13_Sentence-15.wav, LE COMPRÉ A MAMÁ UN LINDO BOLSO DE CUMPLEAÑOS
1,es,13,16,azbio_spanish/AzBio_Spanish_List13_Sentence-16.wav, EL PUSO UNA ALMOHADA MUY GRANDE EN LA CAMA NUEVA
1,es,13,17,azbio_spanish/AzBio_Spanish_List13_Sentence-17.wav, ANOCHE HUBO UNA FUERTE TORMENTA ELÉCTRICA
1,es,13,18,azbio_spanish/AzBio_Spanish_List13_Sentence-18.wav, ERES MUY ASTUTO VERDAD
1,es,13,19,azbio_spanish/AzBio_Spanish_List13_Sentence-19.wav, COMPRÓ DOS CABALLOS DE PASO FINO
1,es,13,2,azbio_spanish/AzBio_Spanish_List13_Sentence-2.wav,EL AGUACATE ES DELICIOSO Y DE GRAN ALIMENTO
1,es,13,20,azbio_spanish/AzBio_Spanish_List13_Sentence-20.wav, EL ARQUITECTO USA ZAPATOS COLOR VERDE
1,es,13,3,azbio_spanish/AzBio_Spanish_List13_Sentence-3.wav, EL SALÓN TIENE TAPETE AZUL
1,es,13,4,azbio_spanish/AzBio_Spanish_List13_Sentence-4.wav, EN LA BODEGA ENCONTRÓ UNA CAJA NUEVA
1,es,13,5,azbio_spanish/AzBio_Spanish_List13_Sentence-5.wav, LOS NIÑOS NO FUERON AL COLEGIO Y SE QUEDARON JUGANDO
1,es,13,6,azbio_spanish/AzBio_Spanish_List13_Sentence-6.wav, EN EL PARQUE VIMOS UNA MARIPOSA MUY GRANDE Y HERMOSA
1,es,13,7,azbio_spanish/AzBio_Spanish_List13_Sentence-7.wav, PARECE QUE ES UN HOMBRE INTELIGENTE
1,es,13,8,azbio_spanish/AzBio_Spanish_List13_Sentence-8.wav, LAS GALLETAS DULCES SON MIS PREFERIDAS
1,es,13,9,azbio_spanish/AzBio_Spanish_List13_Sentence-9.wav, QUE NOMBRE LE PONDRÁN AL BEBÉ
1,es,14,1,azbio_spanish/AzBio_Spanish_List14_Sentence-1.wav, ESTUVO TODA LA NOCHE REPASANDO EL LIBRETO
1,es,14,10,azbio_spanish/AzBio_Spanish_List14_Sentence-10.wav, CARECÍA DE ESTRATEGIAS PARA ORGANIZAR SU TRABAJO
1,es,14,11,azbio_spanish/AzBio_Spanish_List14_Sentence-11.wav, ME CONCEDIÓ UN GRAN DESEO
1,es,14,12,azbio_spanish/AzBio_Spanish_List14_Sentence-12.wav, NO HAY QUE JUZGAR POR LAS APARIENCIAS
1,es,14,13,azbio_spanish/AzBio_Spanish_List14_Sentence-13.wav, YO CREO QUE ESTAS EN UN ERROR
1,es,14,14,azbio_spanish/AzBio_Spanish_List14_Sentence-14.wav, QUIÉN ES EL RESPONSABLE DE ESTO
1,es,14,15,azbio_spanish/AzBio_Spanish_List14_Sentence-15.wav, CAMBIO SU TELEVISOR POR UNO MÁS GRANDE
1,es,14,16,azbio_spanish/AzBio_Spanish_List14_Sentence-16.wav, ES DIFÍCIL TRABAJAR CON HAMBRE
1,es,14,17,azbio_spanish/AzBio_Spanish_List14_Sentence-17.wav, GUARDAMOS LA INFORMACIÓN IMPORTANTE
1,es,14,18,azbio_spanish/AzBio_Spanish_List14_Sentence-18.wav, SU HIJO ES DUEÑO DE VARIAS EMPRESAS FAMOSAS
1,es,14,19,azbio_spanish/AzBio_Spanish_List14_Sentence-19.wav, LOS INVIERNOS AQUÍ SON DEMASIADO FRÍOS
1,es,14,2,azbio_spanish/AzBio_Spanish_List14_Sentence-2.wav, SU HIJO ESTABA HACIENDO MAL USO DEL INTERNET
1,es,14,20,azbio_spanish/AzBio_Spanish_List14_Sentence-20.wav, ESE PROGRAMA DE TELEVISIÓN TIENE MUCHOS COMENTARIOS NEGATIVOS
1,es,14,3,azbio_spanish/AzBio_Spanish_List14_Sentence-3.wav, YA ERA UN NIÑO GRANDE Y NO LO PODÍAN CARGAR
1,es,14,4,azbio_spanish/AzBio_Spanish_List14_Sentence-4.wav, SE TERMINARON LAS HOJAS DE MI CUADERNO
1,es,14,5,azbio_spanish/AzBio_Spanish_List14_Sentence-5.wav, HOY LLEVAMOS A MI PAPÁ AL DOCTOR
1,es,14,6,azbio_spanish/AzBio_Spanish_List14_Sentence-6.wav, ME ENTERE QUE MI AMIGO SE CASA EL SÁBADO
1,es,14,7,azbio_spanish/AzBio_Spanish_List14_Sentence-7.wav, ESTA ES UNA META QUE PUEDES LOGRAR
1,es,14,8,azbio_spanish/AzBio_Spanish_List14_Sentence-8.wav, MAÑANA ES LA EVALUACIÓN MÁS IMPORTANTE DEL SEMESTRE
1,es,14,9,azbio_spanish/AzBio_Spanish_List14_Sentence-9.wav, EL EVENTO ERA GRATIS PERO EL ESTACIONAMIENTO ERA MUY COSTOSO
1,es,15,1,azbio_spanish/AzBio_Spanish_List15_Sentence-1.wav, LE ENCANTABAN TODOS LAS PRINCESAS DE SUS CUENTOS
1,es,15,10,azbio_spanish/AzBio_Spanish_List15_Sentence-10.wav, LOS TRABAJADORES BEBIERON ALGUNAS CERVEZAS DURANTE JORNADA LABORAL
1,es,15,11,azbio_spanish/AzBio_Spanish_List15_Sentence-11.wav, LA TORTILLA CAYÓ DENTRO DEL PLATO DE SALSA
1,es,15,12,azbio_spanish/AzBio_Spanish_List15_Sentence-12.wav, USTED PUEDE RESERVAR SU CUPO PARA ASISTIR AL EVENTO
1,es,15,13,azbio_spanish/AzBio_Spanish_List15_Sentence-13.wav, TIENE PESADILLAS CON SUS AMIGOS
1,es,15,14,azbio_spanish/AzBio_Spanish_List15_Sentence-14.wav, EL SEÑOR ESCUCHABA OTRA CONVERSACIÓN A TRAVÉS DEL TELÉFONO
1,es,15,15,azbio_spanish/AzBio_Spanish_List15_Sentence-15.wav, NO NECESITA SEGUIR TOMANDO MÁS MEDICAMENTOS
1,es,15,16,azbio_spanish/AzBio_Spanish_List15_Sentence-16.wav, LAS TRUFAS VIENEN RELLENAS DE AREQUIPE
1,es,15,17,azbio_spanish/AzBio_Spanish_List15_Sentence-17.wav, OFRECEREMOS CHAMPÁN DURANTE LA RECEPCIÓN
1,es,15,18,azbio_spanish/AzBio_Spanish_List15_Sentence-18.wav, ES LA ENCARGADA DEL LUGAR
1,es,15,19,azbio_spanish/AzBio_Spanish_List15_Sentence-19.wav, TAL VEZ ALCANCE A ESTUDIAR TODOS LOS TEMAS HOY
1,es,15,2,azbio_spanish/AzBio_Spanish_List15_Sentence-2.wav, CAMBIÓ EL COLOR DE PINTURA
1,es,15,20,azbio_spanish/AzBio_Spanish_List15_Sentence-20.wav, FUE MUY DIFÍCIL ACOSTUMBRARSE A LOS NUEVOS HORARIOS
1,es,15,3,azbio_spanish/AzBio_Spanish_List15_Sentence-3.wav, SIEMPRE SE SENTÍA BIEN POR QUE HACIA LO CORRECTO
1,es,15,4,azbio_spanish/AzBio_Spanish_List15_Sentence-4.wav, NO HABÍA COMIDO NADA Y LE DOLIÓ EL ESTOMAGO
1,es,15,5,azbio_spanish/AzBio_Spanish_List15_Sentence-5.wav, EL MENSAJE DE LA DIRECTORA ESTABA PERFECTAMENTE CLARO
1,es,15,6,azbio_spanish/AzBio_Spanish_List15_Sentence-6.wav, EL RESPONDIÓ QUE NO IBA A SALIR DE VACACIONES ESTE VERANO
1,es,15,7,azbio_spanish/AzBio_Spanish_List15_Sentence-7.wav, EL CIELO ESTA NUBADO Y GRIS
1,es,15,8,azbio_spanish/AzBio_Spanish_List15_Sentence-8.wav, TODO ES MARAVILLOSO DURANTE EL PRIMER AÑO DE MATRIMONIO
1,es,15,9,azbio_spanish/AzBio_Spanish_List15_Sentence-9.wav, DESDE AYER ME DUELEN LAS RODILLAS
1,es,16,1,azbio_spanish/AzBio_Spanish_List16_Sentence-1.wav, SIEMPRE USA ROPA DE MODA
1,es,16,10,azbio_spanish/AzBio_Spanish_List16_Sentence-10.wav, BUSCAS ALGO EN EL ESCRITORIO
1,es,16,11,azbio_spanish/AzBio_Spanish_List16_Sentence-11.wav, UN VIVIDOR ESTA ACOSTUMBRADO A RECIBIR DINERO DE LAS MUJERES
1,es,16,12,azbio_spanish/AzBio_Spanish_List16_Sentence-12.wav, ME GUSTARÍA DARLE CINCUENTA DÓLARES A ESE ANCIANO
1,es,16,13,azbio_spanish/AzBio_Spanish_List16_Sentence-13.wav, ELLA TIENE EL CABELLO ROJO Y SU HERMANA LO TIENE NEGRO
1,es,16,14,azbio_spanish/AzBio_Spanish_List16_Sentence-14.wav, SOLICITE AYUDA EN CASO NECESARIO
1,es,16,15,azbio_spanish/AzBio_Spanish_List16_Sentence-15.wav, NO NECESITO UN MOTIVO PARA SORPRENDERTE
1,es,16,16,azbio_spanish/AzBio_Spanish_List16_Sentence-16.wav, MIS SOLICITUDES HAN SIDO ATENDIDAS OPORTUNAMENTE
1,es,16,17,azbio_spanish/AzBio_Spanish_List16_Sentence-17.wav, EMPEZÓ A RECIBIR CLASES DE INGLES
1,es,16,18,azbio_spanish/AzBio_Spanish_List16_Sentence-18.wav, SEREMOS LOS PRIMEROS EN LLEGAR A LA CITA
1,es,16,19,azbio_spanish/AzBio_Spanish_List16_Sentence-19.wav, EN EL AUDITORIO HABÍA GENTE IMPORTANTE
1,es,16,2,azbio_spanish/AzBio_Spanish_List16_Sentence-2.wav, TENGO MUCHA CURIOSIDAD POR SABER SU EDAD
1,es,16,20,azbio_spanish/AzBio_Spanish_List16_Sentence-20.wav, QUERÍA CENAR CON TODA SU FAMILIA EL DOMINGO
1,es,16,3,azbio_spanish/AzBio_Spanish_List16_Sentence-3.wav, ELLOS BAJARON LA COLINA EN TRINEO A ALTA VELOCIDAD
1,es,16,4,azbio_spanish/AzBio_Spanish_List16_Sentence-4.wav, APÚRATE QUE TENEMOS QUE LLEGAR TEMPRANO A LA ENTREVISTA
1,es,16,5,azbio_spanish/AzBio_Spanish_List16_Sentence-5.wav, ELLA PODÍA RESPIRAR SOLAMENTE POR UNA FOSA NASAL
1,es,16,6,azbio_spanish/AzBio_Spanish_List16_Sentence-6.wav, EL PERRO DE LA VECINA TENÍA UNA COLA MUY LARGA
1,es,16,7,azbio_spanish/AzBio_Spanish_List16_Sentence-7.wav, LOS PROFESORES ESTÁN INCONFORMES CON SU SALARIO
1,es,16,8,azbio_spanish/AzBio_Spanish_List16_Sentence-8.wav, TIENE QUE PRESENTARSE A LAS SIETE Y QUINCE
1,es,16,9,azbio_spanish/AzBio_Spanish_List16_Sentence-9.wav, FUE UNA GRAN CENA DE ANIVERSARIO
1,es,17,1,azbio_spanish/AzBio_Spanish_List17_Sentence-1.wav, SUS ZAPATOS NUEVOS SON MUY CÓMODOS
1,es,17,10,azbio_spanish/AzBio_Spanish_List17_Sentence-10.wav, TIENES UNA HERMOSA CASA CON UN GRAN JARDÍN
1,es,17,11,azbio_spanish/AzBio_Spanish_List17_Sentence-11.wav, DESPIDIERON MUCHOS TRABAJADORES DE LA EMPRESA
1,es,17,12,azbio_spanish/AzBio_Spanish_List17_Sentence-12.wav, DE AHORA EN ADELANTE DEFENDERÉ MI POSICIÓN
1,es,17,13,azbio_spanish/AzBio_Spanish_List17_Sentence-13.wav, PARA SURGIR EN LA VIDA HAY QUE LUCHAR CONSTANTEMENTE
1,es,17,14,azbio_spanish/AzBio_Spanish_List17_Sentence-14.wav, ELIGIO SER MÚSICO Y TOCAR EL BAJO
1,es,17,15,azbio_spanish/AzBio_Spanish_List17_Sentence-15.wav, SE COMPORTO BIEN Y GANÓ UN PREMIO
1,es,17,16,azbio_spanish/AzBio_Spanish_List17_Sentence-16.wav, ES MUY HERMOSO ESTE LUGAR COMO LO CONOCES
1,es,17,17,azbio_spanish/AzBio_Spanish_List17_Sentence-17.wav, ESCUCHAR BUENA MÚSICA ANIMO LA REUNIÓN
1,es,17,18,azbio_spanish/AzBio_Spanish_List17_Sentence-18.wav, LOS NIÑOS SIEMPRE DICEN LA VERDAD
1,es,17,19,azbio_spanish/AzBio_Spanish_List17_Sentence-19.wav, VAMOS AMIGOS LLEGAREMOS TARDE
1,es,17,2,azbio_spanish/AzBio_Spanish_List17_Sentence-2.wav, ELLOS SE DIJERON MUCHAS COSAS MOVIDOS POR LA IRA
1,es,17,20,azbio_spanish/AzBio_Spanish_List17_Sentence-20.wav, ESTOY DECIDIDO A COMPRAR ESE CARRO
1,es,17,3,azbio_spanish/AzBio_Spanish_List17_Sentence-3.wav, NUNCA PENSÓ TENER TANTOS HIJOS
1,es,17,4,azbio_spanish/AzBio_Spanish_List17_Sentence-4.wav, TE QUEDÓ SENSACIONAL LA NUEVA DECORACIÓN DE TU CASA
1,es,17,5,azbio_spanish/AzBio_Spanish_List17_Sentence-5.wav, ES INTELIGENTE Y BUEN TRABAJADOR PERO ESTÁ DESEMPLEADO
1,es,17,6,azbio_spanish/AzBio_Spanish_List17_Sentence-6.wav, TE COPIE LA INFORMACIÓN EN LA MEMORIA Y EN EL COMPUTADOR
1,es,17,7,azbio_spanish/AzBio_Spanish_List17_Sentence-7.wav, LA CARRETERA ESTA MUY MOJADA Y ES PELIGROSA
1,es,17,8,azbio_spanish/AzBio_Spanish_List17_Sentence-8.wav, SÓLO PIENSO IR A QUE ME ARREGLEN LOS PIES
1,es,17,9,azbio_spanish/AzBio_Spanish_List17_Sentence-9.wav, EL ARQUITECTO TERMINÓ LOS PLANOS AYER EN TARDE
1,es,18,1,azbio_spanish/AzBio_Spanish_List18_Sentence-1.wav, NO ME AGRADA LA PALABRA GIRAR
1,es,18,10,azbio_spanish/AzBio_Spanish_List18_Sentence-10.wav, LOS JÓVENES DE AQUEL BARRIO ESTABAN MAL ENCAMINADOS
1,es,18,11,azbio_spanish/AzBio_Spanish_List18_Sentence-11.wav, LA RELACIÓN DE PAREJA SE BASA EN AMOR Y RESPETO MUTUO
1,es,18,12,azbio_spanish/AzBio_Spanish_List18_Sentence-12.wav, HASTA CUÁNDO PUEDES ESPERAR UNA RESPUESTA
1,es,18,13,azbio_spanish/AzBio_Spanish_List18_Sentence-13.wav, SINTIÓ ALGO PEGAJOSO DEBAJO DE LA MESA
1,es,18,14,azbio_spanish/AzBio_Spanish_List18_Sentence-14.wav, DE QUÉ HABLAS REALMENTE NO LOGRO ESCUCHARTE BIEN
1,es,18,15,azbio_spanish/AzBio_Spanish_List18_Sentence-15.wav, ES MEJOR PROGRAMAR UNA NUEVA REUNIÓN
1,es,18,16,azbio_spanish/AzBio_Spanish_List18_Sentence-16.wav, NO LOGRÓ COMPRENDER COMO PUDO HABER SIDO TAN CRUEL
1,es,18,17,azbio_spanish/AzBio_Spanish_List18_Sentence-17.wav, EL SÁBADO SOLO ATIENDEN HASTA MEDIO DÍA
1,es,18,18,azbio_spanish/AzBio_Spanish_List18_Sentence-18.wav, FUE UN RESULTADO INESPERADO PARA TODOS
1,es,18,19,azbio_spanish/AzBio_Spanish_List18_Sentence-19.wav, VIVIRÁN JUNTOS ANTES DE CASARSE
1,es,18,2,azbio_spanish/AzBio_Spanish_List18_Sentence-2.wav, LA PANADERÍA ABRIÓ TEMPRANO ESTA SEMANA
1,es,18,20,azbio_spanish/AzBio_Spanish_List18_Sentence-20.wav, HAS APRENDIDO ALGO NUEVO
1,es,18,3,azbio_spanish/AzBio_Spanish_List18_Sentence-3.wav, ENSEÑO A SUS HIJOS A DECORAR LAS TARJETAS DE CUMPLEAÑOS
1,es,18,4,azbio_spanish/AzBio_Spanish_List18_Sentence-4.wav, HA DICHO TANTAS MENTIRAS QUE YA NO LE CREEN
1,es,18,5,azbio_spanish/AzBio_Spanish_List18_Sentence-5.wav, A SU MAESTRO LE ASIGNARON UNA TAREA MUY IMPORTANTE
1,es,18,6,azbio_spanish/AzBio_Spanish_List18_Sentence-6.wav, ME IMAGINO QUE SABES LO QUE HACES
1,es,18,7,azbio_spanish/AzBio_Spanish_List18_Sentence-7.wav, NO PIENSO PERDER EL SUEÑO POR CULPA DE MIS VECINOS
1,es,18,8,azbio_spanish/AzBio_Spanish_List18_Sentence-8.wav, EL LORO DE LA SEÑORA TIENE VEINTE AÑOS
1,es,18,9,azbio_spanish/AzBio_Spanish_List18_Sentence-9.wav, TE ESTAMOS APOYANDO EN ESTE MOMENTO
1,es,19,1,azbio_spanish/AzBio_Spanish_List19_Sentence-1.wav, SE DIVORCIÓ SU ESPOSO YA SE VOLVIÓ A CASAR
1,es,19,10,azbio_spanish/AzBio_Spanish_List19_Sentence-10.wav, ESTE MES SE ESTRENA LA PELÍCULA
1,es,19,11,azbio_spanish/AzBio_Spanish_List19_Sentence-11.wav, ME CONTARON QUE ESTUVISTE MUY ENFERMO
1,es,19,12,azbio_spanish/AzBio_Spanish_List19_Sentence-12.wav, EL PRESUPUESTO NO CONSIDERO ESO GASTOS
1,es,19,13,azbio_spanish/AzBio_Spanish_List19_Sentence-13.wav, LE ENTREGO LA OFICINA AL NUEVO PROFESOR DE CIENCIAS
1,es,19,14,azbio_spanish/AzBio_Spanish_List19_Sentence-14.wav, TE GUSTARÍA VIVIR AQUÍ
1,es,19,15,azbio_spanish/AzBio_Spanish_List19_Sentence-15.wav, YA NO SOPORTO MÁS LA INSEGURIDAD EN ESTA CIUDAD
1,es,19,16,azbio_spanish/AzBio_Spanish_List19_Sentence-16.wav, HOY LLEGUE MUY TARDE AL TRABAJO
1,es,19,17,azbio_spanish/AzBio_Spanish_List19_Sentence-17.wav, NO LO SÉ Y TAMPOCO ME INTERESA
1,es,19,18,azbio_spanish/AzBio_Spanish_List19_Sentence-18.wav, ERES EL REY DE LAS EXCUSAS
1,es,19,19,azbio_spanish/AzBio_Spanish_List19_Sentence-19.wav, EL SILENCIO ES EL PRINCIPAL ENEMIGO EN UNA DISCUSIÓN
1,es,19,2,azbio_spanish/AzBio_Spanish_List19_Sentence-2.wav, EL TRABAJO REQUIERE DE HABILIDAD Y BUENA VOLUNTAD
1,es,19,20,azbio_spanish/AzBio_Spanish_List19_Sentence-20.wav, NO PUEDO DORMIR DESDE HACE TRES DÍAS
1,es,19,3,azbio_spanish/AzBio_Spanish_List19_Sentence-3.wav, TRAJO NUEVAS IDEAS ESTA SEMANA
1,es,19,4,azbio_spanish/AzBio_Spanish_List19_Sentence-4.wav, DORMÍ COMO UN BEBÉ TODA LA NOCHE
1,es,19,5,azbio_spanish/AzBio_Spanish_List19_Sentence-5.wav, TIENES QUE TRAER LÁPIZ Y PAPEL
1,es,19,6,azbio_spanish/AzBio_Spanish_List19_Sentence-6.wav, NO PODÍA TOMAR CAFÉ DESPUÉS DE LAS SEIS DE LA TARDE
1,es,19,7,azbio_spanish/AzBio_Spanish_List19_Sentence-7.wav, ELLA TENÍA SU FORMA DE JUSTIFICAR TODAS SUS MALAS CONDUCTAS
1,es,19,8,azbio_spanish/AzBio_Spanish_List19_Sentence-8.wav, DIME COMO LO HACES
1,es,19,9,azbio_spanish/AzBio_Spanish_List19_Sentence-9.wav, NECESITAMOS LA CERTIFICACIÓN LO ANTES POSIBLE
1,es,2,1,azbio_spanish/AzBio_Spanish_List2_Sentence-1.wav, ESTOS SON LOS ÚLTIMOS DÍAS DE DESCUENTOS
1,es,2,10,azbio_spanish/AzBio_Spanish_List2_Sentence-10.wav, DEBES MEJORAR TU ORTOGRAFÍA
1,es,2,11,azbio_spanish/AzBio_Spanish_List2_Sentence-11.wav, COMO TE SIENTES HOY
1,es,2,12,azbio_spanish/AzBio_Spanish_List2_Sentence-12.wav, LOS NIÑOS NUNCA PERMANECÍAN MUCHO TIEMPO EN UN MISMO SITIO
1,es,2,13,azbio_spanish/AzBio_Spanish_List2_Sentence-13.wav, TODOS SUS ZAPATOS SON DE COLOR NEGRO Y CAFÉ
1,es,2,14,azbio_spanish/AzBio_Spanish_List2_Sentence-14.wav, NO PUEDO ATENDERTE EN ESTE MOMENTO
1,es,2,15,azbio_spanish/AzBio_Spanish_List2_Sentence-15.wav, QUE LIBRO ESTA LEYENDO AHORA
1,es,2,16,azbio_spanish/AzBio_Spanish_List2_Sentence-16.wav, ESA NIÑA JURABA QUE ERA EL CENTRO DEL UNIVERSO
1,es,2,17,azbio_spanish/AzBio_Spanish_List2_Sentence-17.wav, EL TRABAJO DE HOY ESTUVO MUY AGOTADOR
1,es,2,18,azbio_spanish/AzBio_Spanish_List2_Sentence-18.wav, SU RECUPERACIÓN FUE MUY RÁPIDA
1,es,2,19,azbio_spanish/AzBio_Spanish_List2_Sentence-19.wav, EL BUEN SERVICIO AL CLIENTE DEBE ESTAR PRESENTE SIEMPRE
1,es,2,2,azbio_spanish/AzBio_Spanish_List2_Sentence-2.wav, LOS PASTELEROS AFIRMARON QUE LA TORTA NO CONTENÍA GRASA
1,es,2,20,azbio_spanish/AzBio_Spanish_List2_Sentence-20.wav, ESTAS SEGURO DE LO QUE ESTAS DICIENDO
1,es,2,3,azbio_spanish/AzBio_Spanish_List2_Sentence-3.wav, CASI TODA LA MAÑANA ME HA DOLIDO EL PECHO
1,es,2,4,azbio_spanish/AzBio_Spanish_List2_Sentence-4.wav, LOS JÓVENES JUEGAN FUTBOL TODAS LAS NOCHES
1,es,2,5,azbio_spanish/AzBio_Spanish_List2_Sentence-5.wav, EL TRAJE DE TERCIOPELO LE QUEDÓ PERFECTO
1,es,2,6,azbio_spanish/AzBio_Spanish_List2_Sentence-6.wav, MARTA SIEMPRE QUISO SER BAILARINA DE BALLET
1,es,2,7,azbio_spanish/AzBio_Spanish_List2_Sentence-7.wav, HA SIDO IMPOSIBLE COMUNICARSE CON ÉL
1,es,2,8,azbio_spanish/AzBio_Spanish_List2_Sentence-8.wav, EL PEINADO PARECÍA UN NIDO DE GOLONDRINAS
1,es,2,9,azbio_spanish/AzBio_Spanish_List2_Sentence-9.wav, TODAS LAS MESAS TIENEN MANTEL AZUL
1,es,20,1,azbio_spanish/AzBio_Spanish_List20_Sentence-1.wav, TODA SU FAMILIA TRABAJA EN LO MISMO
1,es,20,10,azbio_spanish/AzBio_Spanish_List20_Sentence-10.wav, EL CALENDARIO ES DEL AÑO PASADO
1,es,20,11,azbio_spanish/AzBio_Spanish_List20_Sentence-11.wav, SE LE OCURRIÓ UNA NUEVA FORMA DE GANAR DINERO
1,es,20,12,azbio_spanish/AzBio_Spanish_List20_Sentence-12.wav, HONESTAMENTE PREFERIRÍA QUE ME HICIERAN FISIOTERAPIA ANTES
1,es,20,13,azbio_spanish/AzBio_Spanish_List20_Sentence-13.wav, HICIERON UN GRAN ESFUERZO POR COMPRAR ESE REGALO
1,es,20,14,azbio_spanish/AzBio_Spanish_List20_Sentence-14.wav, POR QUÉ TENDRÍAMOS QUE CREERLE A UN DESCONOCIDO
1,es,20,15,azbio_spanish/AzBio_Spanish_List20_Sentence-15.wav, SE SENTÍA PROTEGIDA CUANDO ESTABA ACOMPAÑADA
1,es,20,16,azbio_spanish/AzBio_Spanish_List20_Sentence-16.wav, NUESTRA AMISTAD ES LO MÁS IMPORTANTE
1,es,20,17,azbio_spanish/AzBio_Spanish_List20_Sentence-17.wav, EL GRUPO MUSICAL CANTO MUY BIEN
1,es,20,18,azbio_spanish/AzBio_Spanish_List20_Sentence-18.wav, DECIDIÓ PROBAR NUEVOS SABORES
1,es,20,19,azbio_spanish/AzBio_Spanish_List20_Sentence-19.wav, SU SECRETARIA OLVIDO CONFIRMAR LA CITA
1,es,20,2,azbio_spanish/AzBio_Spanish_List20_Sentence-2.wav, CUANDO PUEDO PASAR A VERTE NECESITO DECIRTE ALGO URGENTE
1,es,20,20,azbio_spanish/AzBio_Spanish_List20_Sentence-20.wav, EL AGUA CALIENTE QUE PEDISTE YA ESTÁ LISTA
1,es,20,3,azbio_spanish/AzBio_Spanish_List20_Sentence-3.wav, EL PACIENTE FAVORITO DEL DOCTOR FALLECIÓ EL AÑO PASADO
1,es,20,4,azbio_spanish/AzBio_Spanish_List20_Sentence-4.wav, NO SE DIO CUENTA QUE LA ESTABAN ROBANDO
1,es,20,5,azbio_spanish/AzBio_Spanish_List20_Sentence-5.wav, FUE ACUSADO INJUSTAMENTE POR SUS COMPAÑEROS
1,es,20,6,azbio_spanish/AzBio_Spanish_List20_Sentence-6.wav, NO LE IMPORTO QUE SU HIJA NO ESTUVIERA SENTADA
1,es,20,7,azbio_spanish/AzBio_Spanish_List20_Sentence-7.wav, LA CARRETERA ESTABA DESTRUIDA Y PRONTO SE HARÁ SU RECONSTRUCCIÓN
1,es,20,8,azbio_spanish/AzBio_Spanish_List20_Sentence-8.wav, EL QUIERE TENER UN LARGO VIAJE
1,es,20,9,azbio_spanish/AzBio_Spanish_List20_Sentence-9.wav, ME DEMORE DOS HORAS EN LLEGAR A LA CASA
1,es,21,1,azbio_spanish/AzBio_Spanish_List21_Sentence-1.wav, NO TUVO REPAROS PARA NEGARLO TODO
1,es,21,10,azbio_spanish/AzBio_Spanish_List21_Sentence-10.wav, ESPERO PODER VISITAR A MI FAMILIA PRONTO
1,es,21,11,azbio_spanish/AzBio_Spanish_List21_Sentence-11.wav, ME PUEDES PERDONAR ESA NO ERA MI INTENCIÓN
1,es,21,12,azbio_spanish/AzBio_Spanish_List21_Sentence-12.wav, ESTABA UN POCO CONFUNDIDA
1,es,21,13,azbio_spanish/AzBio_Spanish_List21_Sentence-13.wav, NO FUE CLARA LA INFORMACIÓN QUE ME DISTE
1,es,21,14,azbio_spanish/AzBio_Spanish_List21_Sentence-14.wav, LE GUSTAN LAS FLORES Y LOS OSOS DE PELUCHE
1,es,21,15,azbio_spanish/AzBio_Spanish_List21_Sentence-15.wav, A ESE RELOJ LE DEJÓ DE FUNCIONAR LA PILA
1,es,21,16,azbio_spanish/AzBio_Spanish_List21_Sentence-16.wav, EL TRATÓ DE CONVENCERLA QUE NO TENÍA LA RAZÓN
1,es,21,17,azbio_spanish/AzBio_Spanish_List21_Sentence-17.wav, CUMPLIÓ CON SUS OBLIGACIONES ANTES DE TIEMPO
1,es,21,18,azbio_spanish/AzBio_Spanish_List21_Sentence-18.wav, COMIÓ MUCHOS DULCES Y NECESITA TOMAR MUCHA AGUA
1,es,21,19,azbio_spanish/AzBio_Spanish_List21_Sentence-19.wav, NO HAY NECESIDAD DE SER CRUEL
1,es,21,2,azbio_spanish/AzBio_Spanish_List21_Sentence-2.wav, ME PREOCUPA QUE LA NIÑA SIGUE CON FIEBRE
1,es,21,20,azbio_spanish/AzBio_Spanish_List21_Sentence-20.wav, CUAL ES TU COMIDA FAVORITA
1,es,21,3,azbio_spanish/AzBio_Spanish_List21_Sentence-3.wav, VIVO HACIENDO LO QUE ME APASIONA
1,es,21,4,azbio_spanish/AzBio_Spanish_List21_Sentence-4.wav, EL MANTENIMIENTO DE LOS EQUIPOS ES UNA PRIORIDAD
1,es,21,5,azbio_spanish/AzBio_Spanish_List21_Sentence-5.wav, LANZARON UN CORAZÓN DE MANZANA CONTRA EL VEHÍCULO
1,es,21,6,azbio_spanish/AzBio_Spanish_List21_Sentence-6.wav, YO QUIERO TENER TRES HIJOS PERO MI ESPOSO SOLO UNO
1,es,21,7,azbio_spanish/AzBio_Spanish_List21_Sentence-7.wav, RECIBIÓ UN BONO EN RECOMPENSA DE SU BUEN TRABAJO
1,es,21,8,azbio_spanish/AzBio_Spanish_List21_Sentence-8.wav, SE PASO TODO EL DÍA ARREGLANDO LA CASA PARA LA VISITA
1,es,21,9,azbio_spanish/AzBio_Spanish_List21_Sentence-9.wav, PASABA LA TARDE ENTERA ESCUCHANDO BUENA MÚSICA
1,es,22,1,azbio_spanish/AzBio_Spanish_List22_Sentence-1.wav, ME GUSTA IR RÁPIDO CUANDO VOY EN BICICLETA
1,es,22,10,azbio_spanish/AzBio_Spanish_List22_Sentence-10.wav, NUNCA ES LA MISMA EN PERSONA QUE EN FOTOGRAFÍA
1,es,22,11,azbio_spanish/AzBio_Spanish_List22_Sentence-11.wav, NO HABÍA MUCHO QUE ESCOGER EN LA REVISTA
1,es,22,12,azbio_spanish/AzBio_Spanish_List22_Sentence-12.wav, PODEMOS HABLAR EL LUNES
1,es,22,13,azbio_spanish/AzBio_Spanish_List22_Sentence-13.wav, NO HAY NADA MÁS SATISFACTORIO QUE LA AUTODISCIPLINA
1,es,22,14,azbio_spanish/AzBio_Spanish_List22_Sentence-14.wav, SE SUBIÓ EN EL BUS EQUIVOCADO Y SE PERDIÓ
1,es,22,15,azbio_spanish/AzBio_Spanish_List22_Sentence-15.wav, TODOS ESTABAN INVOLUCRADOS EN ESE CRIMEN
1,es,22,16,azbio_spanish/AzBio_Spanish_List22_Sentence-16.wav, GRACIAS POR ESCUCHARME LO NECESITABA
1,es,22,17,azbio_spanish/AzBio_Spanish_List22_Sentence-17.wav, LE RECOMENDARON TOMAR GOTAS PARA LOS NERVIOS
1,es,22,18,azbio_spanish/AzBio_Spanish_List22_Sentence-18.wav, ESTA REGIÓN DEL PAÍS ES MUY PRODUCTIVA
1,es,22,19,azbio_spanish/AzBio_Spanish_List22_Sentence-19.wav, MI JEFE SALDRÁ DEL PAÍS LA PRÓXIMA SEMANA
1,es,22,2,azbio_spanish/AzBio_Spanish_List22_Sentence-2.wav, DEBE HABER JUSTICIA Y EQUIDAD LABORAL
1,es,22,20,azbio_spanish/AzBio_Spanish_List22_Sentence-20.wav, CADA CINCO DÍAS CAMBIA TURNO CON SUS COMPAÑEROS
1,es,22,3,azbio_spanish/AzBio_Spanish_List22_Sentence-3.wav, DEBE CAMBIAR LA PILA DEL RELOJ DESDE AYER NO FUNCIONA
1,es,22,4,azbio_spanish/AzBio_Spanish_List22_Sentence-4.wav, POR QUÉ TRATAS DE MANIPULAR A TU NOVIO
1,es,22,5,azbio_spanish/AzBio_Spanish_List22_Sentence-5.wav, EL AVIÓN NO PUDO ATERRIZAR A TIEMPO DEBIDO AL TRAFICO AÉREO
1,es,22,6,azbio_spanish/AzBio_Spanish_List22_Sentence-6.wav, SUS ARETES SON DE ORO Y TIENEN ESMERALDAS
1,es,22,7,azbio_spanish/AzBio_Spanish_List22_Sentence-7.wav, PRIMERO TIENES QUE LEER EL MANUAL
1,es,22,8,azbio_spanish/AzBio_Spanish_List22_Sentence-8.wav, LOS NIÑOS BRINCAN POR TODO EL SALÓN
1,es,22,9,azbio_spanish/AzBio_Spanish_List22_Sentence-9.wav, TRATAREMOS DE DAR RESPUESTA A SU QUEJA
1,es,23,1,azbio_spanish/AzBio_Spanish_List23_Sentence-1.wav, EL HA TENIDO DEUDAS DESDE QUE ERA MUY JOVEN
1,es,23,10,azbio_spanish/AzBio_Spanish_List23_Sentence-10.wav, COMENZÓ UNA NUEVA ETAPA EN SU VIDA
1,es,23,11,azbio_spanish/AzBio_Spanish_List23_Sentence-11.wav, ES MÁS SALUDABLE TOMAR EL CAFÉ SIN AZÚCAR
1,es,23,12,azbio_spanish/AzBio_Spanish_List23_Sentence-12.wav, RECUERDA LA IMPORTANCIA DEL TRABAJO EN EQUIPO
1,es,23,13,azbio_spanish/AzBio_Spanish_List23_Sentence-13.wav, ELLA SE PEINABA ÚNICAMENTE CUANDO ESTABA A SOLAS
1,es,23,14,azbio_spanish/AzBio_Spanish_List23_Sentence-14.wav, ES EL MEJOR DE SU CLASE
1,es,23,15,azbio_spanish/AzBio_Spanish_List23_Sentence-15.wav, LOS CARRITOS DE MERCADO SIEMPRE TENÍAN UNA RUEDA BLOQUEADA
1,es,23,16,azbio_spanish/AzBio_Spanish_List23_Sentence-16.wav, SIEMPRE ERES BIENVENIDO A MI CASA
1,es,23,17,azbio_spanish/AzBio_Spanish_List23_Sentence-17.wav, LA CAFEÍNA AUMENTA EL NIVEL DE ATENCIÓN
1,es,23,18,azbio_spanish/AzBio_Spanish_List23_Sentence-18.wav, ESTOY ESPERANDO LA LLAMADA DEL BANCO
1,es,23,19,azbio_spanish/AzBio_Spanish_List23_Sentence-19.wav, NUNCA HABÍA VISTO UNA PERSONA ASÍ DE ALTA
1,es,23,2,azbio_spanish/AzBio_Spanish_List23_Sentence-2.wav, EL NIÑO PREGUNTA SI PAPÁ NOEL ES REAL
1,es,23,20,azbio_spanish/AzBio_Spanish_List23_Sentence-20.wav,CÓMO TE ATREVES A LLAMARME BRUJA
1,es,23,3,azbio_spanish/AzBio_Spanish_List23_Sentence-3.wav, ALGUNA VEZ ESTUVIERON DE MODA LAS CEJAS DEPILADAS EN FORMA TRIANGULAR
1,es,23,4,azbio_spanish/AzBio_Spanish_List23_Sentence-4.wav, ESTA ABURRIDA DE CORTAR LIMONES
1,es,23,5,azbio_spanish/AzBio_Spanish_List23_Sentence-5.wav,ME SIENTO MAL ME DUELE LA CABEZA Y EL CUELLO
1,es,23,6,azbio_spanish/AzBio_Spanish_List23_Sentence-6.wav, SE ME OLVIDO COMER FRUTA HOY
1,es,23,7,azbio_spanish/AzBio_Spanish_List23_Sentence-7.wav, LOS DÍAS HAN ESTADO MUY CALUROSOS
1,es,23,8,azbio_spanish/AzBio_Spanish_List23_Sentence-8.wav, SU COMPUTADOR DEJO DE FUNCIONAR EN LA MAÑANA
1,es,23,9,azbio_spanish/AzBio_Spanish_List23_Sentence-9.wav, SE TE DERRAMÓ LA LECHE DE CHOCOLATE EN LA CARTERA
1,es,24,1,azbio_spanish/AzBio_Spanish_List24_Sentence-1.wav, TUVO QUE IR AL MÉDICO DE URGENCIAS
1,es,24,10,azbio_spanish/AzBio_Spanish_List24_Sentence-10.wav, LOS TRABAJADORES RATABAN DE SALIR MÁS TEMPRANO LOS VIERNES
1,es,24,11,azbio_spanish/AzBio_Spanish_List24_Sentence-11.wav, ESTÁN DISPUESTOS A HACER MUCHO POR SU HIJO
1,es,24,12,azbio_spanish/AzBio_Spanish_List24_Sentence-12.wav, PERMANECIÓ SENTADO TODA LA FIESTA
1,es,24,13,azbio_spanish/AzBio_Spanish_List24_Sentence-13.wav, TENIA CLARA LA DECISIÓN QUE IBA A TOMAR
1,es,24,14,azbio_spanish/AzBio_Spanish_List24_Sentence-14.wav, ES IMPORTANTE NO APEGARSE A LAS COSAS MATERIALES
1,es,24,15,azbio_spanish/AzBio_Spanish_List24_Sentence-15.wav, LO TUVO QUE SOPORTAR POR MÁS TIEMPO
1,es,24,16,azbio_spanish/AzBio_Spanish_List24_Sentence-16.wav, ES ANTIÉTICO RECIBIR DINERO DE LA BENEFICENCIA
1,es,24,17,azbio_spanish/AzBio_Spanish_List24_Sentence-17.wav, LOS JUEGOS DE AZAR ACABARON CON SU DINERO
1,es,24,18,azbio_spanish/AzBio_Spanish_List24_Sentence-18.wav, TODOS LOS DÍAS SUFRÍA MUCHO CON EL TRANSPORTE
1,es,24,19,azbio_spanish/AzBio_Spanish_List24_Sentence-19.wav, ELLA TRABAJABA TURNOS DE DIEZ HORAS TODAS LAS SEMANAS
1,es,24,2,azbio_spanish/AzBio_Spanish_List24_Sentence-2.wav, TENGO QUE ESPERAR UNA HORA MÁS
1,es,24,20,azbio_spanish/AzBio_Spanish_List24_Sentence-20.wav, EL SEÑOR SE DEJO CRECER EL BIGOTE
1,es,24,3,azbio_spanish/AzBio_Spanish_List24_Sentence-3.wav, POR FAVOR RECUERDA QUE ESTA CONVERSACIÓN ES ENTRE TÚ Y YO
1,es,24,4,azbio_spanish/AzBio_Spanish_List24_Sentence-4.wav, SU VOZ ERA LA MEJOR DE TODO EL GRUPO
1,es,24,5,azbio_spanish/AzBio_Spanish_List24_Sentence-5.wav, LA MUJER SE VE MUCHO MAYOR
1,es,24,6,azbio_spanish/AzBio_Spanish_List24_Sentence-6.wav, EL PAYASO HIZO UN BUEN ESPECTÁCULO
1,es,24,7,azbio_spanish/AzBio_Spanish_List24_Sentence-7.wav, LA CASA DE LA ESQUINA ESTABA PINTADA DE COLOR NARANJA
1,es,24,8,azbio_spanish/AzBio_Spanish_List24_Sentence-8.wav, A ELLA LE GUSTA PINTAR EN SU TIEMPO LIBRE
1,es,24,9,azbio_spanish/AzBio_Spanish_List24_Sentence-9.wav, SEMBRAMOS UN ÁRBOL EN HONOR A ELLA
1,es,25,1,azbio_spanish/AzBio_Spanish_List25_Sentence-1.wav, HABÍA UNA DIFERENCIA DE EDADES ABISMAL ENTRE LOS NOVIOS
1,es,25,10,azbio_spanish/AzBio_Spanish_List25_Sentence-10.wav, ACASO TU MUJER ELIGE TU ROPA
1,es,25,11,azbio_spanish/AzBio_Spanish_List25_Sentence-11.wav, ELLA TENÍA UN PROBLEMA SERIO DE SOBREPESO
1,es,25,12,azbio_spanish/AzBio_Spanish_List25_Sentence-12.wav, ENCONTRÉ UN RESTAURANTE DE COMIDA VEGETARIANA
1,es,25,13,azbio_spanish/AzBio_Spanish_List25_Sentence-13.wav,LA MITOLOGÍA GRIEGA ES FASCINANTE
1,es,25,14,azbio_spanish/AzBio_Spanish_List25_Sentence-14.wav, APROVECHAMOS LA FOGATA PARA ASAR MASMELOS
1,es,25,15,azbio_spanish/AzBio_Spanish_List25_Sentence-15.wav, SE QUEBRÓ UNA LÁMPARA DE LA SALA
1,es,25,16,azbio_spanish/AzBio_Spanish_List25_Sentence-16.wav, ESA NIÑA JURABA QUE ERA EL CENTRO DEL UNIVERSO
1,es,25,17,azbio_spanish/AzBio_Spanish_List25_Sentence-17.wav, ESTE ES SU SEGUNDO MATRIMONIO
1,es,25,18,azbio_spanish/AzBio_Spanish_List25_Sentence-18.wav, AL PARECER HOY HARÁ MUY BUEN CLIMA
1,es,25,19,azbio_spanish/AzBio_Spanish_List25_Sentence-19.wav, LA CITA ES A LAS CINCO NO LLEGUES TARDE
1,es,25,2,azbio_spanish/AzBio_Spanish_List25_Sentence-2.wav, TRISTEMENTE CRECIÓ OYENDO INSULTOS DE SU PADRE
1,es,25,20,azbio_spanish/AzBio_Spanish_List25_Sentence-20.wav, NO TUVE QUE HACER NADA PARA CAUSAR BUENA IMPRESIÓN
1,es,25,3,azbio_spanish/AzBio_Spanish_List25_Sentence-3.wav, ES MEJOR SALIR A TROTAR DESPUÉS DE LA PUESTA DEL SOL
1,es,25,4,azbio_spanish/AzBio_Spanish_List25_Sentence-4.wav, EL NIÑO NO DEJA DE LLORAR
1,es,25,5,azbio_spanish/AzBio_Spanish_List25_Sentence-5.wav, SUS AMIGOS NO DUDARON EN EL ÉL NI UN MINUTO
1,es,25,6,azbio_spanish/AzBio_Spanish_List25_Sentence-6.wav, LLEGUE MUY TEMPRANO YA ESTOY EN EL AEROPUERTO
1,es,25,7,azbio_spanish/AzBio_Spanish_List25_Sentence-7.wav,EL CLIMA ESTE FIN DE SEMANA NO PUDO HABER ESTADO MEJOR
1,es,25,8,azbio_spanish/AzBio_Spanish_List25_Sentence-8.wav, NADIE COMO ELLA PARA PROVOCAR ESCÁNDALOS
1,es,25,9,azbio_spanish/AzBio_Spanish_List25_Sentence-9.wav, ESE RECONOCIMIENTO FUE POR SU COMPROMISO
1,es,26,1,azbio_spanish/AzBio_Spanish_List26_Sentence-1.wav, EL JOVEN SE VE MUY APUESTO CON CORBATA
1,es,26,10,azbio_spanish/AzBio_Spanish_List26_Sentence-10.wav, REEMPLAZÓ EL CIGARRILLO POR BOMBONES
1,es,26,11,azbio_spanish/AzBio_Spanish_List26_Sentence-11.wav, SURGIERON MUCHAS PREGUNTAS DE LA CLASE DE HOY
1,es,26,12,azbio_spanish/AzBio_Spanish_List26_Sentence-12.wav, ES UN DATO INTERESANTÍSIMO
1,es,26,13,azbio_spanish/AzBio_Spanish_List26_Sentence-13.wav, SUS AMIGOS SE QUEDARON BAILANDO HASTA MUY TARDE
1,es,26,14,azbio_spanish/AzBio_Spanish_List26_Sentence-14.wav, ESE AGRADABLE OLOR PROVIENE DE LAS FLORES
1,es,26,15,azbio_spanish/AzBio_Spanish_List26_Sentence-15.wav, LA EMPRESA VA MUY BIEN CON EL NUEVO GERENTE
1,es,26,16,azbio_spanish/AzBio_Spanish_List26_Sentence-16.wav, LLEGARON PERSONAS INESPERADAS A ALMORZAR
1,es,26,17,azbio_spanish/AzBio_Spanish_List26_Sentence-17.wav, NO OLVIDES LLEVAR TUS GAFAS DE SOL
1,es,26,18,azbio_spanish/AzBio_Spanish_List26_Sentence-18.wav, ESTA NOCHE LA LUNA ESTÁ MAS PEQUEÑA
1,es,26,19,azbio_spanish/AzBio_Spanish_List26_Sentence-19.wav, DESDE MUY PEQUEÑO LE TIENE MIEDO A LOS PAYASOS
1,es,26,2,azbio_spanish/AzBio_Spanish_List26_Sentence-2.wav, ESA JOVÉN ERA ATREVIDA PERO EDUCADA
1,es,26,20,azbio_spanish/AzBio_Spanish_List26_Sentence-20.wav, PERDIÓ EL EMPLEO POR NO SABER HABLAR INGLES
1,es,26,3,azbio_spanish/AzBio_Spanish_List26_Sentence-3.wav, ESTABA CANSADO DE LLEVAR A SU HIJO A LA IGLESIA
1,es,26,4,azbio_spanish/AzBio_Spanish_List26_Sentence-4.wav, LOS JÓVENES SE FUERON AL CINE EN MIÉRCOLES
1,es,26,5,azbio_spanish/AzBio_Spanish_List26_Sentence-5.wav, QUIZÁS PODAMOS REUNIRNOS LA SEMANA ENTRANTE
1,es,26,6,azbio_spanish/AzBio_Spanish_List26_Sentence-6.wav, NO SE DABA CUENTA DE QUE SU HERMANA HABÍA CRECIDO
1,es,26,7,azbio_spanish/AzBio_Spanish_List26_Sentence-7.wav, ACABO DE LLEGAR A MI CASA
1,es,26,8,azbio_spanish/AzBio_Spanish_List26_Sentence-8.wav, LA NEVERA  DE LA CASA DE CAMPO TIENE MUCHOS IMANES
1,es,26,9,azbio_spanish/AzBio_Spanish_List26_Sentence-9.wav, VEN A DESAYUNAR YA ESTA SERVIDO
1,es,27,1,azbio_spanish/AzBio_Spanish_List27_Sentence-1.wav, ESTUDIAR LENGUAS NO ERA MI OBJETIVO INICIAL
1,es,27,10,azbio_spanish/AzBio_Spanish_List27_Sentence-10.wav, SIN MUCHO ESFUERZO TERMINÓ TODAS SUS TAREAS
1,es,27,11,azbio_spanish/AzBio_Spanish_List27_Sentence-11.wav, FUE UNA VERDADERA SORPRESA LO OCURRIDO
1,es,27,12,azbio_spanish/AzBio_Spanish_List27_Sentence-12.wav, MAÑANA TENDRÉ QUE MADRUGAR PARA LLEGAR AL AEROPUERTO
1,es,27,13,azbio_spanish/AzBio_Spanish_List27_Sentence-13.wav, NOS AFERRAMOS A QUIENES AMAMOS
1,es,27,14,azbio_spanish/AzBio_Spanish_List27_Sentence-14.wav, NO SE LE PERMITÍA ENTRAR CON LOS PIES SUCIOS
1,es,27,15,azbio_spanish/AzBio_Spanish_List27_Sentence-15.wav, QUÉ TE GUSTA HACER EN TU TIEMPO LIBRE
1,es,27,16,azbio_spanish/AzBio_Spanish_List27_Sentence-16.wav, SUS BAILARINES ENSAYAN NUEVOS PASOS
1,es,27,17,azbio_spanish/AzBio_Spanish_List27_Sentence-17.wav, LE FUE MUY DIFÍCIL SUBIR LAS ESCALERAS
1,es,27,18,azbio_spanish/AzBio_Spanish_List27_Sentence-18.wav, APRENDIÓ A TOCAR EL ACORDEÓN DESDE MUY JOVEN
1,es,27,19,azbio_spanish/AzBio_Spanish_List27_Sentence-19.wav, TODO EL DÍA ESTUVO ENOJADA CON SUS PADRES
1,es,27,2,azbio_spanish/AzBio_Spanish_List27_Sentence-2.wav, EL DOMINGO SE FUE DE COMPRAS CON SUS AMIGAS
1,es,27,20,azbio_spanish/AzBio_Spanish_List27_Sentence-20.wav, NO HE RECIBIDO ESE CORREO
1,es,27,3,azbio_spanish/AzBio_Spanish_List27_Sentence-3.wav, LOS VASOS QUE TENIA ANTES ERAN MEJORES QUE LOS NUEVOS
1,es,27,4,azbio_spanish/AzBio_Spanish_List27_Sentence-4.wav, EL PUEBLO ES MUY COLONIAL
1,es,27,5,azbio_spanish/AzBio_Spanish_List27_Sentence-5.wav, A ELLA NO LA ENTUSIASMABA CONOCER AL AMIGO DE SU AMIGO
1,es,27,6,azbio_spanish/AzBio_Spanish_List27_Sentence-6.wav, QUIERO UNA BEBIDA HELADA EN ESTE MOMENTO
1,es,27,7,azbio_spanish/AzBio_Spanish_List27_Sentence-7.wav, EL SEÑOR ENFERMO SE QUEJA TODO EL TIEMPO
1,es,27,8,azbio_spanish/AzBio_Spanish_List27_Sentence-8.wav, AYER SE CAYÓ POR LAS ESCALERAS DEL EDIFICIO
1,es,27,9,azbio_spanish/AzBio_Spanish_List27_Sentence-9.wav, TIENE JOYAS MUY VALIOSAS EN SU CASA
1,es,28,1,azbio_spanish/AzBio_Spanish_List28_Sentence-1.wav, SU MEJOR OPCIÓN DE TRABAJO ESTABA FUERA DEL PAÍS
1,es,28,10,azbio_spanish/AzBio_Spanish_List28_Sentence-10.wav, EL JUGUETE ESTA PERDIDO DESDE AYER EN LA TARDE
1,es,28,11,azbio_spanish/AzBio_Spanish_List28_Sentence-11.wav, NO RECORDÓ EN QUE LUGAR DEJO LAS LLAVES
1,es,28,12,azbio_spanish/AzBio_Spanish_List28_Sentence-12.wav, AQUEL HOMBRE ES EXPERTO EN EL TEMA
1,es,28,13,azbio_spanish/AzBio_Spanish_List28_Sentence-13.wav, LA MAQUINA DEL CAFÉ ESTA DAÑADA
1,es,28,14,azbio_spanish/AzBio_Spanish_List28_Sentence-14.wav, MI ESPOSA ESTA DE MAL GENIO CASI TODO EL TIEMPO
1,es,28,15,azbio_spanish/AzBio_Spanish_List28_Sentence-15.wav, ANTES DE SALIR TIENES QUE IR AL BAÑO
1,es,28,16,azbio_spanish/AzBio_Spanish_List28_Sentence-16.wav, TIENEN QUE HACER CAMBIOS EN EL COMPUTADOR
1,es,28,17,azbio_spanish/AzBio_Spanish_List28_Sentence-17.wav,LA CASA NUEVA SE VE SENSACIONAL
1,es,28,18,azbio_spanish/AzBio_Spanish_List28_Sentence-18.wav, EL CLIENTE ESTA MUY SATISFECHO CON EL RESULTADO
1,es,28,19,azbio_spanish/AzBio_Spanish_List28_Sentence-19.wav, RESPONDE EL MENSAJE POR FAVOR
1,es,28,2,azbio_spanish/AzBio_Spanish_List28_Sentence-2.wav, ENCENDÍ EL VENTILADOR POR QUE HACE MUCHO CALOR
1,es,28,20,azbio_spanish/AzBio_Spanish_List28_Sentence-20.wav, YA TIENE TRES AÑOS Y PUEDE AMARRARSE LOS ZAPATOS
1,es,28,3,azbio_spanish/AzBio_Spanish_List28_Sentence-3.wav, APROVECHA EL PROGRAMA DE ENTRENAMIENTO
1,es,28,4,azbio_spanish/AzBio_Spanish_List28_Sentence-4.wav, NINGUNO DE LOS ALUMNOS VOLVIÓ A LAS CLASES DE CONDUCCIÓN
1,es,28,5,azbio_spanish/AzBio_Spanish_List28_Sentence-5.wav, POR FALTA DE ATENCIÓN DE SUS PADRES EMPEZO A CONSUMIR DROGAS
1,es,28,6,azbio_spanish/AzBio_Spanish_List28_Sentence-6.wav, TIENE UN FUERTE DOLOR DE ESTOMAGO
1,es,28,7,azbio_spanish/AzBio_Spanish_List28_Sentence-7.wav, LOS NOVIOS SE VEN FELICES
1,es,28,8,azbio_spanish/AzBio_Spanish_List28_Sentence-8.wav, SABES QUE TIENES MI APOYO
1,es,28,9,azbio_spanish/AzBio_Spanish_List28_Sentence-9.wav, TÚ VAS A ESCRIBIR YO TE DICTO
1,es,29,1,azbio_spanish/AzBio_Spanish_List29_Sentence-1.wav, ESTOY CANSADO DE DECÍRTELO MUCHAS VECES
1,es,29,10,azbio_spanish/AzBio_Spanish_List29_Sentence-10.wav, VETE AL COLEGIO AHORA MISMO O LLEGARAS TARDE
1,es,29,11,azbio_spanish/AzBio_Spanish_List29_Sentence-11.wav, PREFIERE TRABAJAR DESDE SU CASA
1,es,29,12,azbio_spanish/AzBio_Spanish_List29_Sentence-12.wav, TENGO QUE BUSCAR OTRA PERSONA PARA EL TRABAJO
1,es,29,13,azbio_spanish/AzBio_Spanish_List29_Sentence-13.wav, FINALMENTE LA ENCONTRARON SE HABÍA PERDIDO EN EL AEROPUERTO
1,es,29,14,azbio_spanish/AzBio_Spanish_List29_Sentence-14.wav, SABE POR QUÉ TIENE EL DÍA LIBRE HOY
1,es,29,15,azbio_spanish/AzBio_Spanish_List29_Sentence-15.wav, LLEGO DEL PARQUE MUY CANSADO
1,es,29,16,azbio_spanish/AzBio_Spanish_List29_Sentence-16.wav, CUÁNTO TIEMPO TARDASTE EN TERMINAR LA CLASE
1,es,29,17,azbio_spanish/AzBio_Spanish_List29_Sentence-17.wav, CONSTRUYERON EN PARIS UN CASTILLO MUY MODERNO
1,es,29,18,azbio_spanish/AzBio_Spanish_List29_Sentence-18.wav, QUIERE LLEGAR A CASA Y TOMAR UN BAÑO
1,es,29,19,azbio_spanish/AzBio_Spanish_List29_Sentence-19.wav, HE TRABAJADO MUY DURÓ TOMARÉ UN DESCANSO
1,es,29,2,azbio_spanish/AzBio_Spanish_List29_Sentence-2.wav, TE LO CUENTO TODO DESPUÉS DE LA CITA
1,es,29,20,azbio_spanish/AzBio_Spanish_List29_Sentence-20.wav, SABIA COMO SE TENIA QUE ARREGLAR
1,es,29,3,azbio_spanish/AzBio_Spanish_List29_Sentence-3.wav, ELLA MISMA HIZO SUS TARJETAS DE CUMPLEAÑOS EN LA COMPUTADORA
1,es,29,4,azbio_spanish/AzBio_Spanish_List29_Sentence-4.wav, EL NIÑO INVITO A LA CASA A SUS COMPAÑEROS DEL COLEGIO
1,es,29,5,azbio_spanish/AzBio_Spanish_List29_Sentence-5.wav, A VECES LA VIDA NO ES JUSTA
1,es,29,6,azbio_spanish/AzBio_Spanish_List29_Sentence-6.wav, TE MOLESTÓ LO QUE DIJE
1,es,29,7,azbio_spanish/AzBio_Spanish_List29_Sentence-7.wav, COMO ES POSIBLE QUE HAGAN TANTO DAÑO
1,es,29,8,azbio_spanish/AzBio_Spanish_List29_Sentence-8.wav, AL ENTRAR EN LA CASA SE QUITÓ LOS ZAPATOS
1,es,29,9,azbio_spanish/AzBio_Spanish_List29_Sentence-9.wav, EL SABOR DE LOS CHAMPIÑONES CRUDOS ES MUY DIFERENTE
1,es,3,1,azbio_spanish/AzBio_Spanish_List3_Sentence-1.wav, LA NIÑA NO LLEVO LA CARTILLA AL COLEGIO
1,es,3,10,azbio_spanish/AzBio_Spanish_List3_Sentence-10.wav, PUEDO PEDIRTE UN CONSEJO
1,es,3,11,azbio_spanish/AzBio_Spanish_List3_Sentence-11.wav, A LA MENOR OPORTUNIDAD VA A REGRESAR
1,es,3,12,azbio_spanish/AzBio_Spanish_List3_Sentence-12.wav, TIENE QUE MADRUGAR TODOS LOS DÍAS
1,es,3,13,azbio_spanish/AzBio_Spanish_List3_Sentence-13.wav, EL LUNES PUBLICAN LOS RESULTADOS DE LA PRUEBA
1,es,3,14,azbio_spanish/AzBio_Spanish_List3_Sentence-14.wav, CADA DÍA QUE PASA APRENDO COSAS NUEVAS
1,es,3,15,azbio_spanish/AzBio_Spanish_List3_Sentence-15.wav, DALE LA OPORTUNIDAD A OTROS DE MEJORAR
1,es,3,16,azbio_spanish/AzBio_Spanish_List3_Sentence-16.wav, NECESITO COMPRAR UNA MALETA NUEVA
1,es,3,17,azbio_spanish/AzBio_Spanish_List3_Sentence-17.wav, TODOS PENSAMOS QUE ERA REAL
1,es,3,18,azbio_spanish/AzBio_Spanish_List3_Sentence-18.wav,TE VEZ DESLUMBRANTE DE ROJO
1,es,3,19,azbio_spanish/AzBio_Spanish_List3_Sentence-19.wav, ESPERO VERTE PRONTO DE REGRESO EN CASA
1,es,3,2,azbio_spanish/AzBio_Spanish_List3_Sentence-2.wav, EL DOCTOR CREE QUE TIENE UN TUMOR CEREBRAL
1,es,3,20,azbio_spanish/AzBio_Spanish_List3_Sentence-20.wav, PODEMOS SALIR DESPUÉS DE LA REUNIÓN
1,es,3,3,azbio_spanish/AzBio_Spanish_List3_Sentence-3.wav, ESTE SERÁ EL FIN DE SEMANA PERFECTO PARA DESCANSAR
1,es,3,4,azbio_spanish/AzBio_Spanish_List3_Sentence-4.wav, LA NIÑA PIDIÓ QUEDARSE A DORMIR CON SUS ABUELOS
1,es,3,5,azbio_spanish/AzBio_Spanish_List3_Sentence-5.wav, NO PUEDO IR MAÑANA MEJOR CANCELEMOS LA CITA
1,es,3,6,azbio_spanish/AzBio_Spanish_List3_Sentence-6.wav, POR MÁS QUE LO INTENTE EL PISO NO BRILLA MÁS
1,es,3,7,azbio_spanish/AzBio_Spanish_List3_Sentence-7.wav, CAMBIO SU NÚMERO TELEFÓNICO HACE UNA SEMANA
1,es,3,8,azbio_spanish/AzBio_Spanish_List3_Sentence-8.wav, SE ENCARGABA DE CUIDAR LOS ANIMALES
1,es,3,9,azbio_spanish/AzBio_Spanish_List3_Sentence-9.wav, PIDE UN DESEO Y YO LO CUMPLIRÉ
1,es,30,1,azbio_spanish/AzBio_Spanish_List30_Sentence-1.wav, NOS ENSEÑO QUE LA MEJOR MÚSICA ES EL TANGO
1,es,30,10,azbio_spanish/AzBio_Spanish_List30_Sentence-10.wav, ELLA DEPENDÍA DE SU MARIDO PARA DESPLAZARSE
1,es,30,11,azbio_spanish/AzBio_Spanish_List30_Sentence-11.wav, VOY A TOMAR UNA DECISIÓN EN ESTE MOMENTO
1,es,30,12,azbio_spanish/AzBio_Spanish_List30_Sentence-12.wav, EN ESTE SECTOR HAY MUCHAS IGLESIAS
1,es,30,13,azbio_spanish/AzBio_Spanish_List30_Sentence-13.wav, ESPERA UN MOMENTO POR FAVOR AÚN NO PUEDO SALIR
1,es,30,14,azbio_spanish/AzBio_Spanish_List30_Sentence-14.wav, LA JOVÉN HIZO UN CUADERNO DE MOMENTOS IMPORTANTES
1,es,30,15,azbio_spanish/AzBio_Spanish_List30_Sentence-15.wav, NO DEBES COMER TANTOS DULCES
1,es,30,16,azbio_spanish/AzBio_Spanish_List30_Sentence-16.wav, ES EL DÍA QUE TANTO ESTÁBAMOS ESPERANDO
1,es,30,17,azbio_spanish/AzBio_Spanish_List30_Sentence-17.wav, EL CICLISTA NUEVAMENTE GANO LA COMPETENCIA
1,es,30,18,azbio_spanish/AzBio_Spanish_List30_Sentence-18.wav, TENIA QUE PAGAR LAS FACTURAS ANTES DEL MARTES
1,es,30,19,azbio_spanish/AzBio_Spanish_List30_Sentence-19.wav, LA EDUCACIÓN Y LA LECTURA SON HERRAMIENTAS INDISPENSABLES
1,es,30,2,azbio_spanish/AzBio_Spanish_List30_Sentence-2.wav, SE VA A SOMETER A UN TRATAMIENTO LASER
1,es,30,20,azbio_spanish/AzBio_Spanish_List30_Sentence-20.wav, LA UBICACIÓN ES IMPORTANTE AL MOMENTO DE COMPRAR VIVIENDA
1,es,30,3,azbio_spanish/AzBio_Spanish_List30_Sentence-3.wav, EL MUNDO ES NUESTRO DEBEMOS LUCHAR POR UN MEJOR FUTURO
1,es,30,4,azbio_spanish/AzBio_Spanish_List30_Sentence-4.wav, NO ENTIENDO POR QUE RECIBÍ LA MITAD DE LO ACORDADO
1,es,30,5,azbio_spanish/AzBio_Spanish_List30_Sentence-5.wav, EL VOLUMEN ES ALTO Y NO PUEDO ESCUCHAR LO QUE DICEN
1,es,30,6,azbio_spanish/AzBio_Spanish_List30_Sentence-6.wav, EN EL COLEGIO UTILIZAN ÚLTIMA TECNOLOGÍA
1,es,30,7,azbio_spanish/AzBio_Spanish_List30_Sentence-7.wav, ME ALEGRÓ EL DÍA CON AQUELLA NOTICIA
1,es,30,8,azbio_spanish/AzBio_Spanish_List30_Sentence-8.wav, NO ES ÉSTE ACASO UN CASTIGO CRUEL E INUSUAL
1,es,30,9,azbio_spanish/AzBio_Spanish_List30_Sentence-9.wav, SU MAMÁ CUMPLE AÑOS EL SÁBADO
1,es,4,1,azbio_spanish/AzBio_Spanish_List4_Sentence-1.wav, AQUEL HOMBRE NUNCA QUISO SEPARASE DE SU FAMILIA
1,es,4,10,azbio_spanish/AzBio_Spanish_List4_Sentence-10.wav, EL VETERINARIO GANÓ UN PREMIO ESTE AÑO
1,es,4,11,azbio_spanish/AzBio_Spanish_List4_Sentence-11.wav, HABLE AHORA O CALLE PARA SIEMPRE
1,es,4,12,azbio_spanish/AzBio_Spanish_List4_Sentence-12.wav, EN SEPTIEMBRE LES ENTREGAN SU NUEVA CASA
1,es,4,13,azbio_spanish/AzBio_Spanish_List4_Sentence-13.wav, NO PUDO COMPLETAR LA TAREA A TIEMPO
1,es,4,14,azbio_spanish/AzBio_Spanish_List4_Sentence-14.wav, NO TENEMOS UN BUEN SISTEMA DE TRANSPORTE
1,es,4,15,azbio_spanish/AzBio_Spanish_List4_Sentence-15.wav, NO DESCUIDE SUS OBJETOS PERSONALES
1,es,4,16,azbio_spanish/AzBio_Spanish_List4_Sentence-16.wav, NECESITAMOS CAMBIAR LA ALFOMBRA DE LA SALA
1,es,4,17,azbio_spanish/AzBio_Spanish_List4_Sentence-17.wav, LLEGUE MUY CANSADA DEL TRABAJO
1,es,4,18,azbio_spanish/AzBio_Spanish_List4_Sentence-18.wav, SEGÚN DICEN COMPRAR EN EXCESO PUEDE VOLVERSE UNA ADICCIÓN
1,es,4,19,azbio_spanish/AzBio_Spanish_List4_Sentence-19.wav, NO TENIA HABILIDAD PARA CONTAR CHISTES
1,es,4,2,azbio_spanish/AzBio_Spanish_List4_Sentence-2.wav, EL NIÑO LE ARRANCÓ LA CABEZA A LA GALLETA DE PAPÁ NOÉL
1,es,4,20,azbio_spanish/AzBio_Spanish_List4_Sentence-20.wav, EL PROGRAMA INICIA A LAS DIEZ DE LA NOCHE
1,es,4,3,azbio_spanish/AzBio_Spanish_List4_Sentence-3.wav, LA REUNIÓN SE PROLONGÓ MAS DE LO ESPERADO
1,es,4,4,azbio_spanish/AzBio_Spanish_List4_Sentence-4.wav, EL PERRO LLEGÓ MUY CANSADO DE CORRER
1,es,4,5,azbio_spanish/AzBio_Spanish_List4_Sentence-5.wav, HA VIAJADO POR TODO EL MUNDO
1,es,4,6,azbio_spanish/AzBio_Spanish_List4_Sentence-6.wav, CELEBRAMOS LA CULTURA AFRO-AMERICANA
1,es,4,7,azbio_spanish/AzBio_Spanish_List4_Sentence-7.wav, ES UN HOMBRE CONSTANTE CON SUS PROYECTO
1,es,4,8,azbio_spanish/AzBio_Spanish_List4_Sentence-8.wav, NUNCA LA HE VISTO SIN MAQUILLAJE
1,es,4,9,azbio_spanish/AzBio_Spanish_List4_Sentence-9.wav, MI AMIGA TENÍA CLASE DE ITALIANO LOS SÁBADOS
1,es,5,1,azbio_spanish/AzBio_Spanish_List5_Sentence-1.wav, MI PRIMA ES UNA MUJER DE BUENA POSICIÓN ECONÓMICA
1,es,5,10,azbio_spanish/AzBio_Spanish_List5_Sentence-10.wav, EL FUEGO CREA UN AMBIENTE ACOGEDOR
1,es,5,11,azbio_spanish/AzBio_Spanish_List5_Sentence-11.wav, EL AUTOMÓVIL ANTIGUO ESTABA EN PERFECTO ESTADO Y A MUY BUEN PRECIO
1,es,5,12,azbio_spanish/AzBio_Spanish_List5_Sentence-12.wav, EL SERVICIO DE TAXI ES MUY COSTOSO
1,es,5,13,azbio_spanish/AzBio_Spanish_List5_Sentence-13.wav, ESTE DOLOR DE CABEZA EMPEORA MINUTO A MINUTO
1,es,5,14,azbio_spanish/AzBio_Spanish_List5_Sentence-14.wav, CONOCÍ UN NUEVO AMIGO EN LA CAFETERÍA
1,es,5,15,azbio_spanish/AzBio_Spanish_List5_Sentence-15.wav, NO SABEMOS A QUE HORA LLEGAN LOS NIÑOS
1,es,5,16,azbio_spanish/AzBio_Spanish_List5_Sentence-16.wav, CREES QUE ESTUDIAR ES FÁCIL
1,es,5,17,azbio_spanish/AzBio_Spanish_List5_Sentence-17.wav, TE HE ESTADO LLAMANDO ESTAS EN TU CASA
1,es,5,18,azbio_spanish/AzBio_Spanish_List5_Sentence-18.wav, NO ME MOLESTA QUE NOS QUEDEMOS EN CASA ESTA NOCHE
1,es,5,19,azbio_spanish/AzBio_Spanish_List5_Sentence-19.wav, CUANDO NACE UN BEBÉ ES NECESARIO ORGANIZARSE MEJOR
1,es,5,2,azbio_spanish/AzBio_Spanish_List5_Sentence-2.wav, AQUEL HOMBRE TENÍA LA CABEZA DEL TAMAÑO DE UNA SANDÍA
1,es,5,20,azbio_spanish/AzBio_Spanish_List5_Sentence-20.wav, POR FAVOR PÁSAME LA SAL
1,es,5,3,azbio_spanish/AzBio_Spanish_List5_Sentence-3.wav, LAS MADRES SON UN PEDACITO DE CIELO EN LA TIERRA
1,es,5,4,azbio_spanish/AzBio_Spanish_List5_Sentence-4.wav, ELLA ERA TOTALMENTE SUPERFICIAL Y FALSA
1,es,5,5,azbio_spanish/AzBio_Spanish_List5_Sentence-5.wav, COMPARTIÓ SU CONOCIMIENTO SIN NINGUNA RESTRICCIÓN
1,es,5,6,azbio_spanish/AzBio_Spanish_List5_Sentence-6.wav, LAS PERSONAS MAYORES TIENEN PRIORIDAD EN LA ATENCIÓN
1,es,5,7,azbio_spanish/AzBio_Spanish_List5_Sentence-7.wav, LA NIÑA LE TENIA MIEDO A LOS RAYOS
1,es,5,8,azbio_spanish/AzBio_Spanish_List5_Sentence-8.wav, HOY ESTÁN INSTALANDO EL CABLE
1,es,5,9,azbio_spanish/AzBio_Spanish_List5_Sentence-9.wav, DEBES LLEVAR UN VESTIDO APROPIADO PARA EL EVENTO
1,es,6,1,azbio_spanish/AzBio_Spanish_List6_Sentence-1.wav, ELLA PREPARÓ BIEN SU PRESENTACIÓN
1,es,6,10,azbio_spanish/AzBio_Spanish_List6_Sentence-10.wav, EL PROFESOR FELICITA A SUS ESTUDIANTES
1,es,6,11,azbio_spanish/AzBio_Spanish_List6_Sentence-11.wav, SU VOZ ES MUY FUERTE
1,es,6,12,azbio_spanish/AzBio_Spanish_List6_Sentence-12.wav, AL FINALIZAR EL DÍA ESTABA CANSADO DE SUBIR ESCALERAS
1,es,6,13,azbio_spanish/AzBio_Spanish_List6_Sentence-13.wav, ESTAMOS TRABAJANDO EN MEJORAR LA SELECCIÓN DEL PERSONAL
1,es,6,14,azbio_spanish/AzBio_Spanish_List6_Sentence-14.wav, NECESITO UN ESPACIO MÁS AMPLIO
1,es,6,15,azbio_spanish/AzBio_Spanish_List6_Sentence-15.wav, ELLA ES UNA PERSONA RESPONSIBLE
1,es,6,16,azbio_spanish/AzBio_Spanish_List6_Sentence-16.wav, EL NIÑO SE DISFRAZÓ DEL HOMBRE ARAÑA
1,es,6,17,azbio_spanish/AzBio_Spanish_List6_Sentence-17.wav, ESPERO QUE ATRAPEN PRONTO A ESE DELINCUENTE TAN BUSCADO
1,es,6,18,azbio_spanish/AzBio_Spanish_List6_Sentence-18.wav, EN TODO CRIMEN HAY SIEMPRE UN SOSPECHOSO
1,es,6,19,azbio_spanish/AzBio_Spanish_List6_Sentence-19.wav, BAJA EL VOLUMEN POR FAVOR
1,es,6,2,azbio_spanish/AzBio_Spanish_List6_Sentence-2.wav, CAMBIARÁS DE ROPA DURANTE LOS COMERCIALES
1,es,6,20,azbio_spanish/AzBio_Spanish_List6_Sentence-20.wav, EL CIELO ESTA NUBADO PARECE QUE LLOVERÁ
1,es,6,3,azbio_spanish/AzBio_Spanish_List6_Sentence-3.wav, ANOCHE FUI AL CINE CON MI MEJOR AMIGO
1,es,6,4,azbio_spanish/AzBio_Spanish_List6_Sentence-4.wav, SE CANCELÓ EL VIAJE POR EL CLIMA
1,es,6,5,azbio_spanish/AzBio_Spanish_List6_Sentence-5.wav, CUÁNTAS VECES PUEDE ELLA NEGARSE A ACEPTAR SU AMOR
1,es,6,6,azbio_spanish/AzBio_Spanish_List6_Sentence-6.wav, MI ESPOSO COMENZÓ A PEINARSE CON TODO EL PELO DE PARA ATRÁS
1,es,6,7,azbio_spanish/AzBio_Spanish_List6_Sentence-7.wav, SU VIDA CAMBIO COMPLETAMENTE DESPUÉS DE ESTO
1,es,6,8,azbio_spanish/AzBio_Spanish_List6_Sentence-8.wav, ES LA SEGUNDA DIETA QUE EMPIEZA EN EL AÑO
1,es,6,9,azbio_spanish/AzBio_Spanish_List6_Sentence-9.wav, SABE QUE SIEMPRE DEBE GUARDAR LOS JUGUETES
1,es,7,1,azbio_spanish/AzBio_Spanish_List7_Sentence-1.wav, IREMOS AL ESPECTÁCULO DE LOS CAMIONES GIGANTES
1,es,7,10,azbio_spanish/AzBio_Spanish_List7_Sentence-10.wav, DEJE OLVIDADO MI BOLSO EN LA OFICINA
1,es,7,11,azbio_spanish/AzBio_Spanish_List7_Sentence-11.wav, ESTÁS SUBIENDO LA VOZ MÁS DE LA CUENTA
1,es,7,12,azbio_spanish/AzBio_Spanish_List7_Sentence-12.wav, EL HOMBRE ESTA OBSESIONADO CON SU TRABAJO
1,es,7,13,azbio_spanish/AzBio_Spanish_List7_Sentence-13.wav, LA CENA YA ESTA SERVIDA
1,es,7,14,azbio_spanish/AzBio_Spanish_List7_Sentence-14.wav, LAS CORTINAS SON BLANCAS
1,es,7,15,azbio_spanish/AzBio_Spanish_List7_Sentence-15.wav, EL PÚBLICO TIENE DERECHO A SABER LAS RAZONES
1,es,7,16,azbio_spanish/AzBio_Spanish_List7_Sentence-16.wav, DEBEMOS CREER QUE HAY ARMONÍA EN EL UNIVERSO
1,es,7,17,azbio_spanish/AzBio_Spanish_List7_Sentence-17.wav, LE DESAGRADABAN LOS ESTUDIANTES INDISCIPLINADOS Y CONFLICTIVOS
1,es,7,18,azbio_spanish/AzBio_Spanish_List7_Sentence-18.wav, A LOS NIÑOS LES ENCANTARON LOS TÍTERES
1,es,7,19,azbio_spanish/AzBio_Spanish_List7_Sentence-19.wav, NO TE PREOCUPES ENCONTRAREMOS UNA SOLUCIÓN
1,es,7,2,azbio_spanish/AzBio_Spanish_List7_Sentence-2.wav, ELLA QUERÍA SEGUIR LOS PASOS DE SU MAESTRO
1,es,7,20,azbio_spanish/AzBio_Spanish_List7_Sentence-20.wav, PUDO RECUPERAR EL TELÉFONO QUE LE HABÍAN ROBADO
1,es,7,3,azbio_spanish/AzBio_Spanish_List7_Sentence-3.wav, NO HABÍA LUGAR PARA ESTACIONAR MI CARRO EN AQUELLA FIESTA
1,es,7,4,azbio_spanish/AzBio_Spanish_List7_Sentence-4.wav, ABANDONO SU PROFESIÓN Y SE DEDICO A LAS ARTES
1,es,7,5,azbio_spanish/AzBio_Spanish_List7_Sentence-5.wav, SE QUEMÓ LOS DEDOS MIENTRAS COCINABA
1,es,7,6,azbio_spanish/AzBio_Spanish_List7_Sentence-6.wav, ESPERAMOS QUE NOS DIGA QUE DEBEMOS HACER
1,es,7,7,azbio_spanish/AzBio_Spanish_List7_Sentence-7.wav, TE LO DIRÉ MAS TARDE CUANDO PUEDA CONFIRMAR
1,es,7,8,azbio_spanish/AzBio_Spanish_List7_Sentence-8.wav, ESTUVISTE DE ACUERDO CON LA FORMA COMO ESOS HOMBRES TE HABLARON
1,es,7,9,azbio_spanish/AzBio_Spanish_List7_Sentence-9.wav, TIENES QUE IR A DORMIR TEMPRANO
1,es,8,1,azbio_spanish/AzBio_Spanish_List8_Sentence-1.wav, ME HE VISTO ESA PELÍCULA ANTES
1,es,8,10,azbio_spanish/AzBio_Spanish_List8_Sentence-10.wav, AL SALIR DE SU CASA OLVIDO ASEGURAR LA PUERTA
1,es,8,11,azbio_spanish/AzBio_Spanish_List8_Sentence-11.wav, SU CABELLO ESTA DESCUIDADO
1,es,8,12,azbio_spanish/AzBio_Spanish_List8_Sentence-12.wav, PODRÍA PREPARARME UNA MALTEADA MÁS ESPESA
1,es,8,13,azbio_spanish/AzBio_Spanish_List8_Sentence-13.wav, EL PRESUPUESTO ESTA AJUSTADO AL PROYECTO
1,es,8,14,azbio_spanish/AzBio_Spanish_List8_Sentence-14.wav, PRACTICA TODOS LOS DÍAS PARA CANTAR MEJOR
1,es,8,15,azbio_spanish/AzBio_Spanish_List8_Sentence-15.wav, EL  ANIMAL PREFERIDO DE MI HIJO ES EL ELEFANTE
1,es,8,16,azbio_spanish/AzBio_Spanish_List8_Sentence-16.wav, SI TIENE DUDAS ES MEJOR QUE PREGUNTE
1,es,8,17,azbio_spanish/AzBio_Spanish_List8_Sentence-17.wav, PARA ESE HOMBRE LO MÁS IMPORTANTE ERAN SUS HIJOS
1,es,8,18,azbio_spanish/AzBio_Spanish_List8_Sentence-18.wav, HOY CELEBRAMOS UN CAPÍTULO MÁS LA HISTORIA
1,es,8,19,azbio_spanish/AzBio_Spanish_List8_Sentence-19.wav, ES MEJOR QUE ADOPTES UNA MASCOTA
1,es,8,2,azbio_spanish/AzBio_Spanish_List8_Sentence-2.wav, NECESITAS CONFIRMAR QUE REALMENTE ES TU CUENTA
1,es,8,20,azbio_spanish/AzBio_Spanish_List8_Sentence-20.wav, GUARDARON SUS MONEDAS EN UNA ALCANCÍA
1,es,8,3,azbio_spanish/AzBio_Spanish_List8_Sentence-3.wav, MIS AMIGOS SE IBAN TEMPRANO PARA SU CASA EN MUCHAS OCASIONES
1,es,8,4,azbio_spanish/AzBio_Spanish_List8_Sentence-4.wav, PODEMOS COORDINAR UNA CITA PARA HABLAR DE ESE ASUNTO
1,es,8,5,azbio_spanish/AzBio_Spanish_List8_Sentence-5.wav, ESTAS FRASES SE ESTÁN VOLVIENDO OBSOLETAS
1,es,8,6,azbio_spanish/AzBio_Spanish_List8_Sentence-6.wav, TODOS ESPERAN CON ENTUSIASMO LA REUNIÓN
1,es,8,7,azbio_spanish/AzBio_Spanish_List8_Sentence-7.wav, ES MEJOR PATINAR QUE MONTAR EN BICICLETA
1,es,8,8,azbio_spanish/AzBio_Spanish_List8_Sentence-8.wav, A PARTIR DE MAÑANA VOLVERÉ AL GIMNASIO
1,es,8,9,azbio_spanish/AzBio_Spanish_List8_Sentence-9.wav, APROVECHO QUE ES FESTIVO PARA IR DE PASEO
1,es,9,1,azbio_spanish/AzBio_Spanish_List9_Sentence-1.wav, ALGUIEN TUVO QUE SACARLOS DE ESE LUGAR
1,es,9,10,azbio_spanish/AzBio_Spanish_List9_Sentence-10.wav, DEBE AJUSTAR SU VOCABULARIO A LOS PARTICIPANTES
1,es,9,11,azbio_spanish/AzBio_Spanish_List9_Sentence-11.wav, VOY A COMPRAR LAS REVISTAS DE MODA
1,es,9,12,azbio_spanish/AzBio_Spanish_List9_Sentence-12.wav, EL SHOW DEL MAGO NO LOGRÓ ENTRETENER A NADIE
1,es,9,13,azbio_spanish/AzBio_Spanish_List9_Sentence-13.wav, LLEVARÉ A PASEAR A MI PERRO
1,es,9,14,azbio_spanish/AzBio_Spanish_List9_Sentence-14.wav, TUVO QUE SALIR CORRIENDO PARA SU CASA
1,es,9,15,azbio_spanish/AzBio_Spanish_List9_Sentence-15.wav, SU PLAN PARA ESTE AÑO ES VIAJAR POR EUROPA
1,es,9,16,azbio_spanish/AzBio_Spanish_List9_Sentence-16.wav, HOY SE VENCE EL PLAZO MÁXIMO
1,es,9,17,azbio_spanish/AzBio_Spanish_List9_Sentence-17.wav, IRÁS A TRABAJAR MAÑANA
1,es,9,18,azbio_spanish/AzBio_Spanish_List9_Sentence-18.wav, POR QUÉ HAY QUE IR TAN TEMPRANO
1,es,9,19,azbio_spanish/AzBio_Spanish_List9_Sentence-19.wav, TU NO ERES LA EXCEPCIÓN
1,es,9,2,azbio_spanish/AzBio_Spanish_List9_Sentence-2.wav, CUANDO ELLA SONRIÓ MOSTRÓ UN DIENTE DE PLATA
1,es,9,20,azbio_spanish/AzBio_Spanish_List9_Sentence-20.wav, EL PRÓXIMO MES LLEGA UN NUEVO MESERO
1,es,9,3,azbio_spanish/AzBio_Spanish_List9_Sentence-3.wav, EL VINO PUEDE SER UN BUEN ACOMPAÑAMIENTO PARA ESE PLATO
1,es,9,4,azbio_spanish/AzBio_Spanish_List9_Sentence-4.wav, PUEDES PENSAR LO QUE QUIERAS DE MÍ
1,es,9,5,azbio_spanish/AzBio_Spanish_List9_Sentence-5.wav, LE SACÓ LAS UVAS PASAS AL PAN
1,es,9,6,azbio_spanish/AzBio_Spanish_List9_Sentence-6.wav, HAY VARIAS FORMAS DE PRONUNCIAR LA PALABRA NÚCLEO
1,es,9,7,azbio_spanish/AzBio_Spanish_List9_Sentence-7.wav, USTED ME ROBÓ LA IDEA DE CREAR ESE NEGOCIO
1,es,9,8,azbio_spanish/AzBio_Spanish_List9_Sentence-8.wav, EL ASCENSOR ESTA DAÑADO
1,es,9,9,azbio_spanish/AzBio_Spanish_List9_Sentence-9.wav, LA COMPAÑÍA DE SEGUROS NO ME BRINDA UN TRATO JUSTO